ref_date,active_0_days,active_1_day,active_2_to_5_days,active_6_to_10_days,active_11_to_30_days,active_more_than_30_days,active_inventory_tickets,active_0_dls,active_1_dls,active_2_to_5_dls,active_6_to_10_dls,active_11_to_30_dls,active_more_than_30_dls,active_inventory_dollars
1/1/2021,151,0,0,0,0,0,151,6202.43,0,0,0,0,0,6202.43
1/2/2021,4596,149,0,0,0,0,4745,264730.7,6166.43,0,0,0,0,270897.13
1/3/2021,2519,4583,131,0,0,0,7233,133747.84,263566.94,5754.43,0,0,0,403069.21
1/4/2021,2392,2497,4650,0,0,0,9539,133245.34,132306.77,266146.36,0,0,0,531698.47
1/5/2021,84,2334,7031,0,0,0,9449,4238.22,130458.96,393422.37,0,0,0,528119.55
1/6/2021,135,80,9136,0,0,0,9351,8331.33,3210.22,512140.87,0,0,0,523682.42
1/7/2021,8392,135,8859,117,0,0,17503,573035.93,8331.33,498001.81,5146.43,0,0,1084515.5
1/8/2021,2993,8386,4556,4309,0,0,20244,209803.96,572506.73,247213.04,252104.25,0,0,1281627.98
1/9/2021,4877,2973,10599,6427,0,0,24876,295738.49,208656.5,696884.36,362304.01,0,0,1563583.36
1/10/2021,5798,4846,11347,8338,0,0,30329,337116.62,294353.95,781269.97,471141.53,0,0,1883882.07
1/11/2021,5858,5716,15818,8223,0,0,35615,304714.31,331321.68,1055406.93,464659,0,0,2156101.92
1/12/2021,3949,5723,20657,8012,107,0,38448,196629,297757.51,1331144.09,456168.62,4746.43,0,2286445.65
1/13/2021,818,3949,18168,11702,3932,0,38569,49066.66,196629,1067332.1,752503.64,232163.8,0,2297695.2
1/14/2021,13900,818,19174,12237,5874,0,52003,879013.9,49066.66,1056828.72,831437.74,334626.29,0,3150973.31
1/15/2021,8021,13791,15211,14868,7512,0,59403,447477.38,861681.89,814910.92,999161.45,429697.85,0,3552929.49
1/16/2021,10989,7985,23837,19617,7466,0,69894,679222.05,445876.16,1380287.98,1272242.35,427931.01,0,4205559.55
1/17/2021,7893,10968,26226,24423,7454,0,76964,458757.57,677030.27,1535718.83,1517437.64,428548.78,0,4617493.09
1/18/2021,9571,7859,33014,20624,14563,0,85631,530065.42,457328.42,2003043.81,1179592.21,927077.7,0,5097107.56
1/19/2021,5353,9481,39376,18414,16841,0,89465,367982.22,526345.43,2373472.99,1017782.31,1095091.52,0,5380674.47
1/20/2021,3918,5341,34975,27248,20773,0,92255,268144.01,367494.62,2035587.48,1578368.77,1338373.8,0,5587968.68
1/21/2021,10066,3914,32399,30012,24904,0,101295,613371.04,268029.61,1959253.91,1732182.35,1571392.93,0,6144229.84
1/22/2021,20931,10021,25521,35292,29427,0,121192,1252898.54,611598.37,1563258.56,2109390.76,1805517,0,7342663.23
1/23/2021,6138,20902,28075,38350,32552,0,126017,315082.42,1252086.7,1737959.44,2323979.86,1954988.38,0,7584096.8
1/24/2021,9215,6132,39566,45872,32727,0,133512,457330.83,314720.35,2468755.43,2741962.71,1967670.87,0,7950440.19
1/25/2021,10582,9164,40000,37808,44640,0,142194,629508.81,455371.21,2395338.88,2271143.36,2726296.62,0,8477658.88
1/26/2021,4072,10564,44422,33972,50791,0,143821,229019.97,628797.66,2544456.07,2105687.13,3075032.77,0,8582993.6
1/27/2021,2376,4069,44943,32870,59884,0,144142,164976.97,228822.93,2567312.85,2027496.59,3641621.96,0,8630231.3
1/28/2021,11001,2376,28791,45783,65321,0,153272,625614.58,164976.97,1581207.46,2816178.6,3968637.1,0,9156614.71
1/29/2021,8497,10968,25081,42963,72469,0,159978,530778.45,624287.92,1427393.23,2632318.98,4368158.07,0,9582936.65
1/30/2021,4810,8424,27203,46192,76220,0,162849,299304.73,524672.7,1590839.19,2698158.23,4651274.3,0,9764249.15
1/31/2021,3554,4761,25171,52264,78552,0,164302,207613.78,295586.71,1501978.79,3020020.46,4827826.01,0,9853025.75
2/1/2021,20585,3530,25414,46683,85595,66,181873,877860.36,205278.09,1544513.79,2661081.05,5270679.56,3275.78,10562688.63
2/2/2021,3296,20356,25212,29394,100106,2745,181109,210374.13,863281.21,1497892.18,1638044.27,6154617.25,164870.42,10529079.46
2/3/2021,2924,3293,34724,33774,102736,4101,181552,211813.07,210165.77,1739742.86,1925605.17,6275913.17,237255.4,10600495.44
2/4/2021,5612,2924,30766,32402,108280,5193,185177,351484.1,211813.07,1506071.11,1923279.71,6544209.32,301902.88,10838760.19
2/5/2021,6328,5589,29035,26499,116348,4984,188783,313742.55,350414.07,1430824.42,1585665.2,7028009.4,290247.82,10998903.46
2/6/2021,7129,6297,31187,25718,117725,4917,192973,429647.91,312378.33,1584535.37,1552290.49,7099194.57,287628.45,11265675.12
2/7/2021,6113,7092,17305,42871,111945,10525,195851,378167.28,426834.08,1033686.27,2221995.16,6721456.58,682076.28,11464215.65
2/8/2021,6125,6091,20565,35762,117998,11907,198448,335319.79,376643.41,1219718.51,1833117.14,7039972.69,797179.8,11601951.34
2/9/2021,1269,6029,22317,30918,119313,14436,194282,80499.97,329486.31,1299498.79,1564462.12,7122737.69,960304.2,11356989.08
2/10/2021,4872,1269,22814,31710,118946,16293,195904,319372.24,80499.97,1288510.6,1613930.84,7117130.02,1068431.5,11487875.17
2/11/2021,8668,4872,18434,33674,116751,18936,201335,509851.96,319372.24,1088978,1684192.36,7003580.93,1207282.4,11813257.89
2/12/2021,8395,8613,16853,20299,131821,20165,206146,505032.73,506468.39,1016971.83,1229927.99,7597355.21,1264205.16,12119961.31
2/13/2021,9774,8342,20057,21817,132091,20211,212272,531894.6,502027.4,1192597.46,1315788.8,7641986.46,1267314.49,12451609.21
2/14/2021,8677,9747,22192,25131,122165,28635,216547,495516.29,530795.85,1351114.37,1462059.35,7026189,1840876.49,12706551.35
2/15/2021,8933,8626,30024,21370,118853,32804,220610,521780.47,493167.87,1766695.03,1231947.2,6872636.49,2077188.98,12963416.04
2/16/2021,3567,8865,33091,20472,113399,39443,218837,238285.4,518394.48,1897089.2,1257078.54,6488816.13,2501980.12,12901643.87
2/17/2021,2153,3567,33638,22552,112185,43047,217142,131534.68,238285.4,1930681.43,1339520.26,6442720.81,2722619.36,12805361.94
2/18/2021,9965,2145,29180,25385,109164,47984,223823,663155.92,131310.14,1689349.84,1503752.15,6304289.9,2993776,13285633.95
2/19/2021,6555,9953,22049,28622,108624,51172,226975,413508.4,662480.33,1318163.78,1681625.2,6198910.17,3239693.02,13514380.9
2/20/2021,4968,6528,23748,34897,105226,53240,228607,327433.36,411650.96,1503806.33,2042009.74,5988017.92,3390637.08,13663555.39
2/21/2021,7662,4955,21791,38669,101493,57768,232338,464450.37,326830.6,1420172,2233405.83,5794442.26,3670555.18,13909856.24
2/22/2021,10543,7607,22900,34499,91234,72291,239074,680645.32,461263.12,1495218.29,2028008.18,5189086.51,4525765.04,14379986.46
2/23/2021,6641,10035,27508,28886,92881,74008,239959,361450.7,647177.41,1768965.51,1692932.52,5349434.9,4581365.84,14401326.88
2/24/2021,4347,6641,27522,29825,93925,78551,240811,248546.37,361450.7,1747449.6,1865257.6,5412653.68,4817168.79,14452526.74
2/25/2021,11798,4347,27757,28006,92622,84409,248939,742758.4,248546.37,1707347.61,1785140.06,5306895.32,5191176.57,14981864.33
2/26/2021,9270,11755,27374,24395,96773,84835,254402,535201.29,738866.38,1640646.71,1611643.69,5564446.13,5208139.58,15298943.78
2/27/2021,10860,9140,31399,27894,97197,84794,261284,641199.93,527352.78,1912998,1802547.11,5612695.97,5212432.56,15709226.35
2/28/2021,3161,10774,30807,34392,90686,90147,259967,166929.03,636931.1,1819700.26,2232326.39,5233917.65,5528755.53,15618559.96
3/1/2021,6455,3135,34342,30919,93935,92965,261751,419943.2,165335.5,2061800.6,1924891.91,5483914.87,5717663.38,15773549.46
3/2/2021,2134,6211,31418,28843,95359,92957,256922,125029.88,392655.42,1869598.67,1774046.89,5595137.36,5719702.93,15476171.15
3/3/2021,6851,2134,26081,35387,96120,93119,259692,459137.95,125029.88,1531482.68,2172232.18,5677376.94,5711859.89,15677119.52
3/4/2021,12321,6847,20809,35216,88346,104614,268153,716365.37,458905.23,1231930.99,2142644.18,5451660.05,6175015.98,16176521.8
3/5/2021,3270,12271,17393,36029,92595,105408,266966,166686.98,714336.09,1092022.06,2136167.78,5747096.51,6240943.65,16097253.07
3/6/2021,5212,3229,26374,32732,96006,104633,268186,297181.75,165076.16,1630748.2,1952346.69,5905896.22,6229792.52,16181041.54
3/7/2021,6045,5154,23561,34090,95388,105958,270196,328636.56,293976.97,1420634.81,2064665.29,5853907.06,6328650.44,16290471.13
3/8/2021,5238,5960,26316,25348,101244,107061,271167,334238.15,324948.94,1576991.32,1501557.13,6278391.13,6371558.49,16387685.16
3/9/2021,2537,5115,25078,25095,102178,108668,268671,158234.27,324116.83,1425323.17,1549431.76,6303530.91,6496568.91,16257205.85
3/10/2021,2807,2537,18201,26992,106550,110640,267727,164878.29,158234.27,1044986.97,1666427.15,6547366.89,6623891.15,16205784.72
3/11/2021,7558,2807,17481,27078,103967,112785,271676,483852.95,164878.29,1030830.64,1662425.98,6407835.13,6725631.62,16475454.61
3/12/2021,8325,7516,15200,26396,106578,111989,276004,472925.83,482276.06,903564.15,1592359.03,6590839.08,6682461.99,16724426.14
3/13/2021,5661,8282,16926,29504,104208,113161,277742,332187.48,469784.72,1066412.24,1755452.5,6430885.06,6777692.34,16832414.34
3/14/2021,5338,5619,20314,27156,103662,116899,278988,268568.96,330483.79,1229564.26,1583948.51,6458736.36,6999103.82,16870405.7
3/15/2021,2891,5307,23053,18725,106686,120188,276850,185092.6,267031.55,1387322.87,1087182.27,6650015.3,7205099.4,16781743.99
3/16/2021,2190,2867,25155,18259,100862,124203,273536,133852.11,183838.61,1471558.8,1082771.62,6319755.07,7410129.07,16601905.28
3/17/2021,1386,2186,20861,20228,98182,127887,270710,80286.28,133396.11,1184555.08,1262144.74,6153563.34,7630373.08,16444318.63
3/18/2021,10070,1386,15139,22390,95871,132281,277137,679574.5,80286.28,871672.62,1393659.9,6012103.99,7890190.95,16927488.24
3/19/2021,7917,10049,10868,23318,95539,133338,281029,492598.69,678435.98,620912.11,1422660,6000063.14,7981897.29,17196567.21
3/20/2021,8808,7842,15382,25628,94629,133238,285527,537909.43,488742.06,1013368.28,1512467.94,5954143.96,7982087.57,17488719.24
3/21/2021,9822,8777,20450,25109,88175,138861,291194,598812.23,535864.83,1325799.49,1499176.63,5504298.7,8395598.89,17859550.77
3/22/2021,14358,9806,26744,20229,88640,140736,300513,950340.57,598126.98,1711413.29,1163206.82,5561860.08,8527467.28,18512415.02
3/23/2021,988,14334,34914,13941,91408,140774,296359,63079.26,948484.04,2212087.27,821319.41,5664277.66,8569582.42,18278830.06
3/24/2021,2655,988,39577,18495,89484,143608,294807,181565.04,63079.26,2502522.68,1169876.93,5536803.63,8760139.85,18213987.39
3/25/2021,8798,2636,33030,21107,86875,147487,299933,555254.22,180881.04,2092933.86,1383012.41,5300631.29,9046386.29,18559099.11
3/26/2021,10700,8774,26999,27355,83308,149880,307016,708732.81,554127.9,1747680.77,1750229.24,5126856.23,9177485.07,19065112.02
3/27/2021,8347,10677,26032,34672,81239,150466,311433,510076.19,707452.44,1707656.8,2198916.3,5009288.25,9224814.69,19358204.67
3/28/2021,5251,8308,22696,46802,72517,157070,312644,252676.97,509203.38,1487420.15,3017149.29,4452590.49,9668528.59,19387568.87
3/29/2021,5179,5165,29601,38011,75532,159656,313144,256729.36,251369.93,1909593.08,2419480.58,4719872.4,9827328.82,19384374.17
3/30/2021,1330,5040,31437,32897,73395,164764,308863,72704.92,252224.08,1941343.36,2117281.94,4621834.82,10137762.88,19143152
3/31/2021,168,1327,27818,33050,77643,164551,304557,7146.54,72171.21,1655173.39,2136502.98,4909895.58,10123701.35,18904591.05
4/1/2021,8573,168,18562,33957,81958,165811,309029,519991.78,7146.54,1026751.37,2242377.28,5173496.59,10218091.55,19187855.11
4/2/2021,3732,8522,10790,28348,91859,164834,308085,214629.83,518828.1,544934.19,1843279.3,5852793.45,10167088.57,19141553.44
4/3/2021,6932,3692,14309,31550,86644,167152,310279,387504.12,212870.44,819505.17,1988627.66,5494567.59,10369747.6,19272822.58
4/4/2021,11355,6908,13113,33072,80074,172193,316715,627890.74,386524.32,786629.32,2022733.78,5091707.71,10715079.95,19630565.82
4/5/2021,12170,11289,18281,26266,84341,171299,323646,702854.21,624851.29,1082629.77,1581613.61,5371758.67,10676533.65,20040241.2
4/6/2021,2443,12052,28220,16151,88695,171258,318819,130779.07,695712.38,1641553.73,913317.2,5709724.32,10677373.06,19768459.76
4/7/2021,2153,2441,31739,17149,90193,172670,316345,148169.24,130654.89,1804612.26,973518.34,5834788.36,10750204.17,19641947.26
4/8/2021,6268,2151,30801,15690,90492,173082,318484,416967.12,148100.54,1739139.64,915328.43,5781026.62,10818315.6,19818877.95
4/9/2021,4641,6193,26622,17496,91525,171204,317681,284924.55,414093.06,1522125.81,1050910.83,5810603.92,10712137.43,19794795.6
4/10/2021,8157,4601,21914,26595,89496,170037,320800,502470.89,283336.51,1333714.92,1551885.33,5665206.91,10656798.99,19993413.55
4/11/2021,6912,8077,14726,37371,83249,171857,322192,376775.69,497244.43,935469.1,2177172.65,5214956.54,10825277.63,20026896.04
4/12/2021,4064,6874,19972,31827,84788,173521,321046,274436.92,375829.4,1280760.12,1806749.43,5330903.28,10917388.75,19986067.9
4/13/2021,342,3996,24562,30374,82428,173071,314773,21489.38,271935.71,1507007.85,1741871.54,5176152.68,10899303.43,19617760.59
4/14/2021,472,342,22562,30519,83483,173570,310948,25438.57,21489.38,1375172.33,1807260.01,5247361.87,10912289.33,19389011.49
4/15/2021,5581,472,18517,24505,91140,172130,312345,330790.17,25438.57,1128154.04,1505844.25,5638767.85,10857013.01,19486007.89
4/16/2021,4665,5506,11155,21237,99278,170637,312478,292021.21,327206.7,671041.21,1342984.99,6110330.42,10771408.83,19514993.36
4/17/2021,4126,4646,9937,25189,99329,168271,311498,233313.66,290760.6,628128.21,1566276.59,6101521.43,10635109.65,19455110.14
4/18/2021,5566,4046,10436,27007,92720,171699,311474,387265.5,228211.01,645254.1,1694228.81,5663785.25,10899963.59,19518708.26
4/19/2021,2760,5530,13837,21512,91077,173902,308618,138310.73,384821.49,839481.64,1323908.76,5576662.13,11051727.88,19314912.63
4/20/2021,156,2691,18376,17821,87671,175592,302307,8048.63,136461.45,1170850.15,1091584.44,5368866.36,11168319.43,18944130.46
4/21/2021,152,156,16043,15051,87305,179618,298325,4477.06,8048.63,999073.32,926380.51,5359056.75,11412013.95,18709050.22
4/22/2021,8473,152,11800,13110,85612,183887,303034,549400.13,4477.06,724758.03,853883.23,5242069.16,11667233.13,19041820.74
4/23/2021,7267,8366,8198,13033,87402,181597,305863,447188.62,547129.51,517718.44,802971.23,5386267.11,11527692.6,19228967.51
4/24/2021,1197,7164,10931,17875,84688,180468,302323,68366.99,444839.62,681067.09,1143324.43,5210929.59,11480854.39,19029382.11
4/25/2021,164,1173,15262,19622,78585,183424,298230,7300.29,67892.99,981918.21,1231103.04,4822635.6,11684993.72,18795843.85
4/26/2021,225,152,16007,15063,74590,188053,294090,19151.58,6880.58,1028477.8,946211.7,4543563.28,12024773.95,18569058.89
4/27/2021,6,167,15518,10853,72448,190105,289097,444,14727,1007461.62,669819.56,4418833,12171711.92,18282997.1
4/28/2021,32,6,7859,15121,71841,190510,285369,1058,444,495850.66,995215.16,4389291.37,12184373.42,18066232.61
4/29/2021,729,32,1353,16397,74123,189490,282124,22384.5,1058,87045.41,1039712.54,4605328.48,12098551.25,17854080.18
4/30/2021,49777,715,310,15031,74610,187486,327929,996581.18,21777.1,22133.58,978836.7,4620676.38,11972446.81,18612451.75
5/1/2021,55191,49773,865,14910,73660,184728,379127,1145634.94,996411.52,35830.99,973003.94,4565511.2,11810805.26,19527197.85
5/2/2021,53787,55172,50407,14822,67393,186804,428385,1070715,1145057.09,1015600.45,976987.01,4141028.63,11987913.45,20337301.63
5/3/2021,14872,53779,105426,7465,72104,185401,439047,433643.8,1070475,2156726.66,475142.99,4488943.1,11902650.83,20527582.38
5/4/2021,4143,14864,159018,1281,73823,185848,438977,100264.94,433073.8,3222654.75,83161.91,4616527.05,11926637.18,20382319.63
5/5/2021,1026,4143,173147,783,67046,190036,436181,20506.5,100264.94,3636297.8,34912.9,4246566.76,12145476.38,20184025.28
5/6/2021,10071,1026,127632,50168,57299,196166,442362,318350.94,20506.5,2742826.49,1018875.02,3672964.46,12517573.02,20291096.43
5/7/2021,11199,10063,73480,104604,55069,194915,449330,344234.06,318052.34,1616623.12,2138028.34,3563327.54,12431834.41,20412099.81
5/8/2021,5537,11187,29886,157203,53476,193216,450505,335829.01,343776.06,866227.16,3183464.15,3463182.42,12342068.44,20534547.24
5/9/2021,6693,5525,26041,170801,48061,195189,452310,429965.68,335241.59,771385.15,3588690.87,3099301.64,12508970.77,20733555.7
5/10/2021,4328,6641,27214,173132,45192,195023,451530,268547.18,426697.73,995409.05,3648311.58,2900937.33,12513210.12,20753112.99
5/11/2021,110,4222,31964,124567,85996,198231,445090,8386.04,261811.94,1352762.3,2676161.72,3431485.45,12716206.76,20446814.21
5/12/2021,302,110,26427,80141,133164,200551,440695,16022.92,8386.04,1299594.26,1851634,4215560.95,12851579.59,20242777.76
5/13/2021,8544,302,15653,39273,179706,201256,444734,470161.58,16022.92,975705.27,1147408.93,4988418.41,12918275.21,20515992.32
5/14/2021,7283,8457,10697,29749,192027,198689,446902,406831.11,460821.36,672189.71,1031888.17,5343065.34,12769024.13,20683819.82
5/15/2021,4423,7279,12873,31659,193711,196300,446245,267024.69,406620.03,734332.98,1316835.75,5369680.38,12630669.65,20725163.48
5/16/2021,4222,4418,15922,34433,188807,196447,444249,230651.14,266926.51,879637.53,1532761.04,5103797.77,12667270.91,20681044.9
5/17/2021,3013,4202,20070,25367,191601,196862,441115,145786.4,229681.67,1131153,1247616.59,5095386.96,12721792.64,20571417.26
5/18/2021,272,2997,23577,15158,196760,196007,434771,11020.1,144670.14,1325806.27,940001.68,5208004.05,12671500.38,20301002.62
5/19/2021,46,272,18283,18304,195036,198023,429964,2007.9,11020.1,1017816.49,1083892.72,5140816.18,12832928.64,20088482.03
5/20/2021,4622,46,11291,19307,197304,197432,430002,199337.77,2007.9,625186.47,1096601.22,5369503,12784175.85,20076812.21
5/21/2021,6447,4554,7068,19533,198774,195009,431385,351333.84,197750.37,368521.57,1105694.83,5547885.68,12639043.85,20210230.14
5/22/2021,4149,6382,7627,23090,196572,192400,430220,248916.62,348657.72,344886.39,1304077.06,5495658.41,12478633.86,20220830.06
5/23/2021,3200,4089,10905,25477,188879,196054,428604,165541.93,246501.34,542487.46,1420034.61,5034349.63,12762078.58,20170993.55
5/24/2021,4799,3167,14586,17566,189701,198390,428209,203829.44,163946.83,770641.84,983115.34,5088182.67,12938136.66,20147852.78
5/25/2021,49,4776,17280,10710,192987,196468,422270,2147.63,203000.46,910268.04,596775.16,5349901.63,12825929.22,19888022.14
5/26/2021,420,49,17575,10674,194857,194300,417875,16982.67,2147.63,922821.48,516969.62,5541082.92,12690642.99,19690647.31
5/27/2021,5612,320,11344,12796,196453,192481,419006,285326.61,15703.43,583538.49,629563.36,5684650.17,12586271.36,19785053.42
5/28/2021,4346,5507,7680,13632,197150,190303,418618,248686.34,283446.91,358758.91,718024.79,5764381.14,12454200.07,19827498.16
5/29/2021,1861,4292,10151,16048,194753,187979,415084,98714.95,246336.18,486758.33,846161.26,5702792.95,12315199.61,19695963.28
5/30/2021,4468,1828,9727,20140,191716,185771,413650,228210.01,97926.09,529239.96,1018311.67,5627952.07,12171332.32,19672972.12
5/31/2021,4433,4349,11309,16135,158481,217883,412590,217309.13,224767.1,615477.33,851421.08,5025148.69,12710978.47,19645101.8
6/1/2021,748,4377,15098,10562,120564,255615,406964,36043.14,215804.23,812658.19,550233.17,4405574.85,13366658.51,19386972.09
6/2/2021,580,710,14042,12083,80431,293974,401820,30896.37,35626.5,748354.05,591890.02,3731876.05,14014900.8,19153543.79
6/3/2021,6321,580,10433,13354,69924,301179,401791,281391.7,30896.37,536472.16,681353.77,3468830.57,14136291.65,19135236.22
6/4/2021,3794,6252,9102,10616,69558,300980,400302,169221.45,278209.97,466033,578469.1,3521264.34,14032434.34,19045632.2
6/5/2021,5890,3780,10959,14317,68347,297237,400530,299457.43,168657.87,513685.52,776470.97,3477441.24,13840174.21,19075887.24
6/6/2021,4515,5787,10660,17440,60541,300175,399118,227545.41,294515.16,484402.93,926954.42,3208216.43,13876851.07,19018485.42
6/7/2021,5137,4455,15205,12924,56564,303895,398180,287786.55,224269.76,716365.2,694253.12,3166924.4,13930515.21,19020114.24
6/8/2021,1747,4860,17795,9405,55701,302624,392132,108037.09,268816.03,841186.25,491482.3,3102879.7,13914952.64,18727354.01
6/9/2021,1103,1741,16442,12892,51438,302926,386542,68571.2,107723.59,828142.94,626563.94,2817476.2,14023969.35,18472447.22
6/10/2021,5006,1103,14665,11935,51261,301709,385679,236032.42,68571.2,773576.75,554719.4,2775274.82,14023664.57,18431839.16
6/11/2021,3348,4851,10865,12929,53418,297557,382968,166821.66,228551.91,594144.93,611701,2879184.62,13829801.19,18310205.31
6/12/2021,6495,3271,11618,15574,52816,293421,383195,318263.15,164783.62,618742.19,739043.6,2844181.96,13632002.46,18317016.98
6/13/2021,4008,6400,9774,19139,45962,295149,380432,169699.13,314999.6,501862.07,943234.58,2460598.95,13769031.99,18159426.32
6/14/2021,6543,3811,13533,15509,44174,295806,379376,251469.91,161715.8,673684.61,815293.25,2294564.9,13857225.71,18053954.18
6/15/2021,620,6104,15046,13330,42299,293349,370748,31225.2,238309.58,714390.67,715117.1,2160434.13,13776754.34,17636231.02
6/16/2021,198,604,16433,12636,42229,291188,363288,9635.62,30349.2,746053.09,660131.36,2163307.46,13671260.87,17280737.6
6/17/2021,8607,184,13565,12039,42507,288104,365006,375984.97,9169.44,613963.26,636636.6,2173919.2,13523171.93,17332845.4
6/18/2021,9694,8553,8315,12766,46075,284229,369632,424366.46,373919.94,356050.55,645889.09,2374915.1,13330341.48,17505482.62
6/19/2021,5442,9623,13897,13745,46735,280280,369722,296477.01,422483.77,602685.37,659361.47,2425304.69,13128296.92,17534609.23
6/20/2021,5465,5413,18405,17611,43725,279049,369668,306187.82,295026.04,811643.76,812793,2305742.43,13035330.04,17566723.09
6/21/2021,6508,5407,22781,14891,41622,278759,369968,302976.44,303473.98,1058092.8,694657.55,2160532.88,13053719.66,17573453.31
6/22/2021,1950,6277,27379,12442,40382,275579,364009,95165.07,293186.35,1324722.71,568917.49,2072653.46,12925626.7,17280271.78
6/23/2021,496,1938,25082,15163,42908,272804,358391,22598.72,94043.62,1245920.48,657012.38,2184225.82,12784404.58,16988205.6
6/24/2021,4917,496,17798,21553,41121,271778,357663,263646.57,22598.72,924950.4,949080.43,2098130.26,12713684.51,16972090.89
6/25/2021,3453,4859,13186,21781,44655,267533,355467,180660.65,261407.25,666412.23,1021982.98,2241865.11,12505183.22,16877511.44
6/26/2021,3054,3328,12947,25876,44066,263875,353146,162022.73,174122.55,640727.16,1254909.37,2218221.74,12325319.13,16775320.68
6/27/2021,2438,2966,10025,31094,40041,263303,349867,79368.38,158969.26,524441.09,1497566.7,2007601.49,12309622.32,16577569.24
6/28/2021,4562,2323,10713,24947,43731,262077,348353,238090.39,75596.14,573043.8,1238661.79,2118697.69,12277279.59,16521369.4
6/29/2021,284,4405,11912,16363,49822,258545,341331,21985.5,230332.59,601420.3,850044.18,2380885.89,12105597.87,16190266.33
6/30/2021,260,258,11517,15963,50931,256937,335866,15295.12,20947.78,572879.65,825648.97,2448017.17,12045145.48,15927934.17
7/1/2021,2593,260,8971,14036,52201,254892,332953,117900.76,15295.12,452415.51,709030.56,2557087.52,11943982.39,15795711.86
7/2/2021,2234,2541,6441,11061,56265,250057,328599,106341.31,115015.55,321651.34,593889.21,2748087.27,11713642.74,15598627.42
7/3/2021,2644,2145,6961,11100,56504,246186,325540,120076.15,103069.78,361165.96,574353.44,2769126.5,11536450.59,15464242.42
7/4/2021,4606,2537,4760,14513,52088,245696,324200,179118.93,116737.65,234488.26,763383.13,2594433.74,11511317.91,15399479.62
7/5/2021,4677,4488,6732,10466,53712,243974,324049,235226.3,174369.9,316209.54,548056.04,2701669.01,11445290.04,15420820.83
7/6/2021,216,4590,10495,8261,52682,242126,318370,13209.99,230721.35,456000.33,428273.54,2654575.04,11376942.29,15159722.54
7/7/2021,563,216,12771,7670,52930,239063,313213,32671,13209.99,581604.3,380210.43,2680180.78,11247970.25,14935846.75
7/8/2021,4038,563,11071,7672,50866,237381,311591,191066.91,32671,501565.06,397440.38,2529517.12,11226699.03,14878959.5
7/9/2021,4737,3998,9281,5972,53103,233699,310790,254048.44,189092.23,424915.65,288093.52,2647697.92,11078669.27,14882517.03
7/10/2021,3699,4611,8776,9677,52237,229254,308254,229299.03,248258.36,437001.9,416396.59,2616939.21,10896701.03,14844596.12
7/11/2021,6175,3531,8826,13409,50011,226201,308153,279334.86,221928.48,454831.43,606936.43,2511851.79,10765870.57,14840753.56
7/12/2021,3260,5958,11498,11694,49113,223094,304617,174467.7,270212.45,628414.9,530739.78,2452240.88,10630392.72,14686468.43
7/13/2021,184,2909,15738,10506,46178,220777,296292,9107.36,161088.47,814518.76,479220,2286474.95,10547859.44,14298268.98
7/14/2021,1196,184,14453,11651,45897,217455,290836,55374.58,9107.36,781631.04,533498.67,2269238.87,10401945.27,14050795.79
7/15/2021,7536,1110,10054,11326,46472,215409,291907,413193.15,52492.74,554717.54,573948.39,2236321.58,10338028.23,14168701.63
7/16/2021,4751,7430,7872,10051,48818,210874,289796,253412.18,407574.2,401943.38,549577.42,2351769.81,10133550.65,14097827.64
7/17/2021,6120,4699,10367,13889,48063,206420,289558,340922.25,251008.18,570645.21,728418.58,2314508,9927536.29,14133038.51
7/18/2021,5973,5975,12187,14899,41716,208592,289342,386001.17,333733.97,666143.47,792532.18,2055611.85,10005266.59,14239289.23
7/19/2021,7499,5858,16978,11570,37517,210962,290384,434234.55,380363.9,944639,634852.07,1865766.22,10107397.3,14367253.04
7/20/2021,1022,7369,21000,8190,37022,209857,284460,52057.35,429064.8,1224570.79,469574.35,1826135.31,10095746.76,14097149.36
7/21/2021,979,1022,21260,11254,35875,209278,279668,45981.38,52057.35,1272056.9,626542.84,1779814.25,10106096.29,13882549.01
7/22/2021,7287,948,17989,11823,33939,209951,281937,383519.41,45119.17,1087400.02,663057.96,1722800.09,10131521.71,14033418.36
7/23/2021,6038,7175,13545,14407,33915,206652,281732,315583.69,378239.06,826326.55,812930.38,1736509.34,9991014.27,14060603.29
7/24/2021,6455,5924,15375,18600,33061,202987,282402,346298.74,311061.34,856938.99,1097478.95,1691562,9826210.01,14129550.03
7/25/2021,5553,6371,14339,23825,30355,200845,281288,297719.87,342879.49,754816.57,1416803.9,1544118.91,9761773.41,14118112.15
7/26/2021,5191,5475,19048,19157,33127,197669,279667,244231.55,293737.83,1017123.23,1149513.82,1710534.35,9623366.26,14038507.04
7/27/2021,802,5079,22583,16160,33758,193799,272181,40243.76,238669.36,1216640.55,982781.54,1743978.84,9469395.38,13691709.43
7/28/2021,578,802,20828,18092,36022,190512,266834,28820.98,40243.76,1089997.49,1071869.2,1888267.03,9323611.68,13442810.14
7/29/2021,5869,578,16369,18371,36805,189037,267029,308769.38,28820.98,848003.82,1027493.64,1974403.71,9295981.47,13483473
7/30/2021,6192,5776,11097,17843,41347,184931,267186,341022.14,304892.79,558480.6,962471.83,2252517.9,9117607.13,13536992.39
7/31/2021,6153,6111,11594,21360,41322,180997,267537,336386.66,337686.29,585088.95,1153271.45,2246541.31,8950840.96,13609815.62
8/1/2021,6547,6021,12610,24696,39666,177737,267277,333250.28,331877.11,682548.57,1306981.92,2167538.32,8802735.84,13624932.04
8/2/2021,4499,6425,17214,19364,43195,173676,264373,226085.36,327985.04,948148.14,1011966.2,2364421.09,8629312.38,13507918.21
8/3/2021,436,4454,22002,15023,44859,170378,257152,21971.67,224068.9,1201214.1,778443.4,2469750.39,8491972.87,13187421.33
8/4/2021,577,436,20896,14621,45895,169017,251442,28998.77,21971.67,1130372.53,760703.93,2564814.02,8420870,12927730.92
8/5/2021,4940,577,15685,15230,46807,168011,251250,226004.72,28998.77,833326.72,809983.38,2623275.76,8380695.92,12902285.27
8/6/2021,3515,4834,10802,15725,49209,164396,248481,166247.54,223229.76,552569.25,885051.54,2725429.54,8222344.6,12774872.23
8/7/2021,4846,3233,9387,20328,48119,161149,247062,223670.09,158360.14,459229.75,1124565.36,2658901.83,8083967.2,12708694.37
8/8/2021,4878,4782,8291,23302,45564,159092,245909,180667.14,222018.54,402177.08,1275275.11,2528438.64,7988770.1,12597346.61
8/9/2021,4158,4837,11987,18762,46462,156938,243144,194943.3,179137.44,578109.79,1026091.88,2588942.69,7901190.71,12468415.81
8/10/2021,364,4144,15288,14259,48580,154051,236686,16906.58,194314.18,690642.92,763265.59,2713973.37,7779557.4,12158660.04
8/11/2021,154,364,15161,13079,50484,152286,231528,6651.14,16906.58,683685.87,666014.05,2818655.8,7720835.9,11912749.34
8/12/2021,7635,154,12681,10065,53732,150577,234844,409580.24,6651.14,564244.44,511278.83,2985150.75,7647709.56,12124614.96
8/13/2021,9886,7605,8551,10340,55974,147634,239990,536075.76,407881.42,360958.69,518130.11,3097937.46,7505733.03,12426716.47
8/14/2021,9093,9821,11813,13816,54902,145662,245107,496598.9,532618.58,605817.14,642930.97,3033366.75,7424292.79,12735625.13
8/15/2021,9284,9031,17452,16781,51918,145270,249736,519488.35,494031.31,943338.56,779950.83,2863008.99,7440151.86,13039969.9
8/16/2021,8375,9183,25461,13503,52357,143674,252553,458882.72,514718.26,1391983.66,617049.53,2881363.58,7361334.56,13225332.31
8/17/2021,698,8224,33363,11252,51183,141603,246323,35429.52,451973.16,1848191.4,500667.14,2818351.26,7287606.5,12942218.98
8/18/2021,822,698,33803,14509,51408,140778,242018,37836.76,35429.52,1880848,701465.38,2785616.11,7296800.35,12737996.12
8/19/2021,9367,822,25218,19413,50666,141752,247238,435536.61,37836.76,1407358.14,1038911.19,2642186.31,7409934.81,12971763.82
8/20/2021,12231,9349,17905,23561,52491,139225,254762,449691.91,434709.78,986191.23,1309115.74,2732385.94,7287978.34,13200072.94
8/21/2021,5594,12150,18325,31270,51450,136754,255543,263154.89,445549.87,925231.11,1749566.06,2685089.12,7159193.52,13227784.57
8/22/2021,10826,5553,22220,38060,46322,137990,260971,490185.51,261352.84,926815.83,2123596.52,2408708.79,7247097.26,13457756.75
8/23/2021,6821,10760,26196,31641,48354,137981,261753,346126.28,487867.07,1116222.26,1764576.77,2535785.92,7267328.22,13517906.52
8/24/2021,577,6745,35237,23786,51636,137839,255820,30853,342784.45,1529078.99,1330084.48,2731442.14,7267835.18,13232078.24
8/25/2021,730,577,33029,24434,54365,138297,251432,39262.77,30853,1442634.94,1298654.57,2904936.51,7302067.14,13018408.93
8/26/2021,7982,730,22316,26976,58429,138270,254703,407504.05,39262.77,1062551.03,1225790.34,3163343.73,7300728.23,13199180.15
8/27/2021,16257,7941,18033,24526,62963,135390,265110,948323.88,405532.64,864468.3,1057938.43,3447999.48,7166929.12,13891191.85
8/28/2021,7247,16191,15542,33407,62021,132736,267142,368871.66,945581.83,798831.95,1456709.59,3401618.59,7042270.69,14013884.31
8/29/2021,8592,7146,24713,38521,58571,132657,270200,484768.5,365168.78,1387251.8,1726115.76,3213526.3,7047700.34,14224531.48
8/30/2021,7091,8527,30408,31237,61024,132718,271005,412436.02,481662.66,1680611.05,1369761.5,3313640.58,7072590.61,14330702.42
8/31/2021,790,6991,37049,21398,66508,131908,264644,36148.24,406776.82,2063530.76,1021133.9,3422244.43,7053294.53,14003128.68
9/1/2021,1072,790,36523,23565,66189,132128,260267,51933.08,36148.24,2077373.72,1155282.69,3401413.39,7067908.17,13790059.29
9/2/2021,2836,1072,22053,28716,72467,132266,259410,135274.19,51933.08,1227408.03,1584396.37,3661356.56,7075011.77,13735380
9/3/2021,9080,2800,16405,28595,76968,129655,263503,493299.32,133155.91,926860.05,1578705.16,3902810.77,6932380.08,13967211.29
9/4/2021,9018,8988,11156,35229,75701,127025,267117,470009.23,488019.29,602253.03,1959146.62,3844212.29,6800526.96,14164167.42
9/5/2021,10847,8928,13262,40290,72856,125817,272000,550200.19,465704.94,691988.23,2257461.7,3705304.68,6741021.56,14411681.3
9/6/2021,12613,10733,20788,34282,75839,123697,277952,508055.21,543715.42,1092106,1931323.84,3869954.83,6633892.45,14579047.75
9/7/2021,1166,12413,29402,21136,84971,121913,271001,63290.13,492553.94,1533021.38,1173995.4,4419128.46,6543739.38,14225728.69
9/8/2021,914,1166,38387,17325,87223,120341,265356,47221.61,63290.13,1857309.82,957089.27,4547227.58,6461185.29,13933323.7
9/9/2021,10201,910,31219,17740,90666,118977,269713,545724.75,46894.09,1458224.28,964371.71,4772581.1,6379082.78,14166878.71
9/10/2021,9799,10137,23506,19519,94307,116038,273306,479691.17,542182.95,1057632.27,1024550.19,4989276.02,6224444.3,14317776.9
9/11/2021,6945,9708,23778,27405,93144,113158,274138,433058.33,473149.7,1098754.97,1426697.27,4921430.29,6079238.19,14432328.75
9/12/2021,8391,6833,20996,37103,88285,113832,275440,435616.1,423231.22,1073221.05,1786500.08,4633489.38,6141042.58,14493100.41
9/13/2021,17025,8260,25811,34785,84055,115321,285257,818145.39,431573.73,1388970.99,1676351.4,4382754.92,6233004.06,14930800.49
9/14/2021,436,16877,31669,28365,83351,116654,277352,16695.66,807674.69,1686673.43,1308029.64,4319841.32,6340301.35,14479216.09
9/15/2021,974,436,38299,29714,82488,119485,271396,35200.06,16695.66,1946531.47,1391620.22,4222563.94,6525510.31,14138121.66
9/16/2021,11282,974,30169,28955,84949,119954,276283,549328.64,35200.06,1558701.66,1319937.79,4313547.32,6573045.84,14349761.31
9/17/2021,12898,11198,24816,23480,93893,117011,283296,648266.81,545126.28,1194131.11,1244023.72,4618182.68,6422941.32,14672671.92
9/18/2021,18563,12810,28292,28878,92750,114172,295465,1261195.91,645105.12,1315134.1,1529798.58,4555776.89,6281893.44,15588904.04
9/19/2021,11612,18445,24554,43138,87446,115172,300367,615129.4,1254380.89,1202233.12,2166138.5,4276529.68,6343348.05,15857559.64
9/20/2021,10786,11493,41110,35080,85520,119605,303594,568387.67,605374.47,2365839.27,1721241.44,4318816.16,6436947.83,16016606.84
9/21/2021,1690,10725,49473,27908,87974,118639,296409,84304.3,564706.34,2821660.32,1371839.69,4407940.47,6377017.87,15627468.99
9/22/2021,1162,1642,49072,31881,84349,122651,290757,60348.36,82407.34,2841874.52,1498658.03,4319626.91,6507022.28,15309937.44
9/23/2021,17116,1162,37987,36088,84873,121968,299194,1159792.11,60348.36,2271967.57,1697729.6,4352444.72,6481143.78,16023426.14
9/24/2021,12481,17071,23784,35873,97078,119543,305830,692752.56,1156820.55,1248011.15,2076763.96,4867638.32,6351999.6,16393986.14
9/25/2021,12773,12436,29695,45271,95096,116913,312184,767298.89,690659.53,1821545.2,2568071.2,4759371.78,6219082.01,16826028.61
9/26/2021,8894,12699,31371,53576,90384,117141,314065,485192.96,763644.72,1940175.1,3017849.16,4476204.98,6241514.87,16924581.79
9/27/2021,11288,8792,41700,45250,89162,121866,318058,592660.04,477939.16,2569311.18,2607614.21,4363977.54,6499576.97,17111079.1
9/28/2021,1236,11213,47860,35053,93507,121516,310385,63735.33,587139.19,2886695.48,2077764.95,4553220.59,6507780.3,16676335.84
9/29/2021,1234,1236,42453,37166,99556,123166,304811,64621.89,63735.33,2353942.8,2193243.58,5056753.38,6629276.39,16361573.37
9/30/2021,9447,1230,32158,37865,103940,123416,308056,557752.09,64413.43,1783673.65,2252671.72,5274105.15,6641857.03,16574473.07
10/1/2021,12428,9401,21131,40295,110146,121169,314570,999794.08,554753.15,1110215.03,2452819.46,5608248.94,6513267.42,17239098.08
10/2/2021,9063,12342,22348,46268,108610,118809,317440,563932.01,992331.46,1216720.95,2770224.27,5525479.4,6382501.83,17451189.92
10/3/2021,15525,8954,23548,54974,106082,117534,326617,982228.21,557846.64,1628233.28,3202283.67,5389938.45,6306129.52,18066459.77
10/4/2021,11964,15218,30698,40578,115339,117683,331480,761072.55,967998.54,2083761.33,2223324.78,6079627.2,6315989.27,18431773.67
10/5/2021,1804,11913,43481,30927,118901,118291,325317,97953.43,758689.09,2905584.14,1692023.66,6286076.74,6326747.74,18067074.8
10/6/2021,502,1796,46048,28116,122517,121465,320444,26751.49,97543.95,3106347.56,1513495.18,6569714.06,6460375.49,17774227.73
10/7/2021,16827,499,36025,32037,118716,127608,331712,1100592.03,26652.94,2270380.47,2013619.74,6527737.65,6624211.1,18563193.93
10/8/2021,13215,16798,28093,29261,126079,124729,338175,866071.09,1098575.4,1777200.41,1960325.29,6889759.43,6463757.74,19055689.36
10/9/2021,13199,13194,30248,41810,124680,122525,345656,761308.67,864950.47,1938558.44,2777149.28,6805047.14,6343604.72,19490618.72
10/10/2021,8999,13173,31688,51469,118602,124914,348845,486221.93,759865.75,2050349.64,3410413.42,6467343.53,6482466.44,19656660.71
10/11/2021,9630,8918,42594,44467,118945,126709,351263,518874.73,480538.76,2679322.79,2988387.13,6583961.89,6512746.46,19763831.76
10/12/2021,1404,9572,50104,33658,123610,125234,343582,73823.37,516120.18,3075338.4,2136792.53,7068343.73,6456486.59,19326904.8
10/13/2021,548,1404,42907,41853,124448,126869,338029,28139.83,73823.37,2496699.76,2688679.51,7151423.57,6542033.05,18980799.09
10/14/2021,12883,548,31380,40485,126582,134250,346128,790480.54,28139.83,1719793.79,2618102.69,7485748.39,6840598.36,19482863.6
10/15/2021,9776,12830,18789,42447,134362,131306,349510,563954.8,786845.91,985493.4,2650917.91,8014404.08,6676132.92,19677749.02
10/16/2021,10097,9600,23268,48313,133307,128677,353262,567685.64,553780.97,1334099.31,2945497.78,7947997.89,6530192.25,19879253.84
10/17/2021,10434,10041,23630,56035,125793,130868,356801,637113.44,564572.1,1395249.98,3349135.03,7570956.68,6605205.47,20122232.7
10/18/2021,12845,10337,31477,41780,130914,134600,361953,705257.36,629759.33,1841866.52,2408225.59,8016200.46,6792181.3,20393490.56
10/19/2021,1596,12762,39896,29210,132404,138821,354689,84792.03,699510.44,2374218.48,1618067.53,8126725.91,7113698.79,20017013.18
10/20/2021,986,1596,40290,28898,135338,142504,349612,46857.19,84792.03,2313427.01,1613645.73,8359384.66,7295074.19,19713180.81
10/21/2021,11633,986,33043,29327,134673,146118,355780,697976.55,46857.19,1883752.07,1691702.09,8284106.46,7498229.17,20102623.53
10/22/2021,8767,11520,24440,29914,140164,143678,358483,666150.86,692195.62,1384923.78,1757332.98,8555903.81,7375601.58,20432108.63
10/23/2021,9800,8739,26059,37646,138571,141207,362022,591304.3,664638.64,1477929.51,2239078.06,8459504.73,7248628.17,20681083.41
10/24/2021,9968,9737,22120,48656,126699,148425,365605,588104.09,588005.02,1448687.98,2837446.14,7690546.69,7760032.26,20912822.18
10/25/2021,10685,9947,29497,38512,128094,152352,369087,602962.1,585940.39,1909053.07,2193818.77,7828882.09,7978333.98,21098990.4
10/26/2021,902,10568,37584,30992,125742,156351,362139,112406.95,597273.84,2392801,1748761.69,7671366.99,8242674.62,20765285.09
10/27/2021,1637,883,37463,32467,127268,158073,357791,117335.11,110786.42,2338169.29,1878269.79,7756851.95,8347471.73,20548884.29
10/28/2021,9929,1631,29789,31458,126505,163053,362365,629693.54,113921.35,1731863.92,1944553.21,7783793.39,8595947.6,20799773.01
10/29/2021,9926,9859,22011,28452,135436,160636,366320,670390.3,622627.03,1276800.86,1834182.51,8260610.18,8461462.78,21126073.66
10/30/2021,10082,9869,22282,35886,134374,158241,370734,667926.95,667311.09,1343128.79,2277943.93,8186002.08,8335501.63,21477814.47
10/31/2021,7225,10036,21537,44593,127526,160854,371771,482523.74,665962.15,1414414.66,2774696.39,7777286.76,8501189.47,21616073.17
11/1/2021,7693,7145,30206,35163,128045,164805,373057,504307.21,477422.89,2006332.51,2197580.77,7706778.59,8865829.26,21758251.23
11/2/2021,2460,7641,34677,29073,128160,165008,367019,150434.28,501191.09,2311360.5,1716960.66,7826947.25,8912478.54,21419372.32
11/3/2021,1040,2454,33112,29287,123487,172237,361617,63622.43,150105.48,2221871.28,1764479.97,7513285.06,9385132.67,21098496.89
11/4/2021,10173,1040,26130,29386,122588,176708,366025,620350.17,63622.43,1729463.11,1858205.23,7390915.17,9729503.95,21392060.06
11/5/2021,12817,10119,17460,28680,128886,174474,372436,850511.57,617600.53,1148225.01,1915050.54,7741433.94,9618050.12,21890871.71
11/6/2021,9367,12732,20643,34065,127362,170999,375168,604726.72,845268.05,1301992.25,2292662.1,7649325.42,9426875.82,22120850.36
11/7/2021,9611,9313,25687,39169,114470,179953,378203,658112.05,602194.01,1643501.21,2628321.73,6821074.34,10061598.07,22414801.41
11/8/2021,8727,9590,32095,32899,111364,185272,379947,501670.93,656864.59,2066030.36,2218984,6610031.97,10462567.04,22516148.89
11/9/2021,2014,8586,39358,24920,108273,189876,373027,134267.13,493245.78,2583691.85,1665328.07,6504530.37,10757523.61,22138586.81
11/10/2021,734,2014,37915,25036,109378,192037,367114,50082.03,134267.13,2462964.39,1625589.07,6684318.93,10851239.7,21808461.25
11/11/2021,9631,734,27596,30312,107900,194865,371038,536906.47,50082.03,1779589.37,1968154.55,6695379.05,10983507.3,22013618.77
11/12/2021,7444,9588,19677,31578,111807,192013,372107,433906.29,534302.32,1267616.23,2039543.22,6971345.13,10816908.54,22063621.73
11/13/2021,10450,7359,20074,37482,111809,188371,375545,561386.92,429023.73,1165852.17,2479943.48,6975848.54,10610532.28,22222587.12
11/14/2021,8606,10347,19106,43787,102370,192955,377171,504615.84,556476.27,1115878.12,2841275.04,6370107.46,10914556.46,22302909.19
11/15/2021,9855,8535,26734,36661,103607,193535,378927,531924.19,500229.08,1501712.49,2413370.89,6471107.79,10932601.87,22350946.31
11/16/2021,947,9751,33268,25529,106466,194781,370742,49126.77,526606.81,1881925.97,1675921.08,6741408.73,10970242.93,21845232.29
11/17/2021,1235,946,33335,26320,105560,197928,365324,66741.22,49093.27,1862706.47,1641363.11,6723099.25,11172253.17,21515256.49
11/18/2021,11268,1235,27568,24323,103001,202995,370390,673536.03,66741.22,1523379.15,1425983.73,6712315.34,11424274.4,21826229.87
11/19/2021,8420,11199,19008,26056,107549,200130,372362,509770.97,667580.94,1065560.04,1477816.87,6974164.19,11249017.49,21943910.5
11/20/2021,9279,8291,22133,31254,107264,197388,375609,627838.03,499775.92,1259713.36,1776932.23,6956834.8,11083689.69,22204784.03
11/21/2021,11082,9257,20966,38912,99657,201017,380891,689447.24,626328.11,1242839.9,2183228.74,6489554.92,11321074.13,22552473.04
11/22/2021,12812,11015,28679,31083,101420,202764,387773,935334.1,683487.51,1784520.77,1740808.01,6489567.64,11520082.63,23153800.66
11/23/2021,1402,12744,37361,26012,100146,204613,382278,88611.28,930387.65,2329282.85,1439289.05,6414845.47,11630860.47,22833276.77
11/24/2021,1270,1402,39425,27376,101201,207103,377777,77759.43,88611.28,2623810.77,1584124.03,6436573.39,11755081.97,22565960.87
11/25/2021,10554,1266,32910,27366,99826,211126,383048,679590.13,77759.43,2232434.22,1591503.95,6368516.34,11980309.46,22930113.53
11/26/2021,8449,10387,25406,27486,106024,208913,386665,508891.96,667670.8,1713856.86,1711908.26,6709102.45,11848551.67,23159982
11/27/2021,8496,8433,24951,36483,104216,207285,389864,464567.36,507864.63,1717245.79,2274673.32,6584386.68,11766288.9,23315026.68
11/28/2021,6465,8483,20832,47027,98209,209609,390625,240152.73,464180.76,1304207.33,3074483.59,6178266.52,11945431.78,23206722.71
11/29/2021,8108,6431,27595,38585,99649,212751,393119,386590.08,238958.87,1660919.38,2571520.02,6219672.49,12159622.52,23237283.36
11/30/2021,608,8034,32181,32231,98390,214740,386184,30346.85,383630.14,1792223.93,2173759.79,6128049.54,12299168.67,22807178.92
12/1/2021,553,608,30361,33465,100525,215458,380970,28669.97,30346.85,1539983.77,2235734.07,6256686.5,12392426.92,22483848.08
12/2/2021,11050,553,22698,31275,103802,216907,386285,508727.04,28669.97,1080012.47,2088358.59,6421398.41,12513722.46,22640888.94
12/3/2021,8747,11006,14796,27092,111293,213250,386184,615744.53,506581.64,649390.39,1636203.22,7004297.44,12308848.99,22721066.21
12/4/2021,10392,8718,19511,31227,109891,209814,389553,689982.41,613979.78,920923.07,1745574.03,6910661.28,12104624.54,22985745.11
12/5/2021,8033,10298,20434,36882,103652,211346,390645,458773.53,683854.83,1156466.86,2006716.19,6527414.15,12210052.52,23043278.08
12/6/2021,8980,7997,29646,28160,101281,216335,392399,523949.34,457016.84,1781920.96,1436471.63,6345360.09,12581116.84,23125835.7
12/7/2021,1118,8905,36103,20952,100600,215854,383532,62568.4,519711.25,2151320.31,1006376.04,6281659.93,12568255.31,22589891.24
12/8/2021,680,1118,33982,23766,100626,217847,378019,36392.83,62568.4,2159323.25,1068127.71,6175538.01,12747775.35,22249725.55
12/9/2021,9699,680,26779,25844,99429,219195,381626,642122.74,36392.83,1626776.43,1419296.42,5967970.86,12828639.37,22521198.65
12/10/2021,10631,9341,17696,27932,102779,217048,385427,678091.65,606559.97,1016289.36,1680264.03,6085061.83,12715054.03,22781320.87
12/11/2021,11409,10250,18965,34073,100666,213489,388852,785569.43,654307.55,1155726.38,2032774.57,5954967.81,12505239.98,23088585.72
12/12/2021,11587,11243,20226,40974,93325,215510,392865,682509.91,771029.24,1277541.81,2439998.94,5526234.92,12618298.46,23315613.28
12/13/2021,12511,11363,29099,31371,97188,215473,397005,775627.82,670088.68,1888574.67,2000560.83,5620781.29,12609761.91,23565395.2
12/14/2021,2091,12171,37312,24355,96900,215859,388688,130788.38,755541.94,2337478.08,1485211.46,5738810.74,12583300.63,23031131.23
12/15/2021,1438,2091,40265,23348,98417,216866,382425,90918.81,130788.38,2496784.22,1402195.31,5891353.75,12642631.27,22654671.74
12/16/2021,10140,1438,33220,24736,97271,218850,385655,624757.93,90918.81,2067048.13,1510512.26,5819391.41,12736504.19,22849132.73
12/17/2021,22761,10092,25159,25999,101866,215777,401654,1437323.86,621714.48,1525218.13,1652393.66,6084906.98,12548813.62,23870370.73
12/18/2021,12052,22642,24500,34646,99851,213396,407087,920016.55,1432457.51,1519578.21,2153126.14,5954898.17,12407254.73,24387331.31
12/19/2021,12950,12021,35471,44366,92737,216024,413569,810671.28,917147.2,2230354.06,2760549.49,5531224.88,12563467,24813413.91
12/20/2021,12160,12903,44890,38425,93455,217396,419229,702031.84,808599.7,2984883.3,2375983.24,5623824.59,12627976.56,25123299.23
12/21/2021,1922,12050,55336,31348,93712,219089,413457,114323.63,700021.52,3641624.72,1947541.74,5639302.55,12739096.95,24781911.11
12/22/2021,1823,1919,57304,31920,93033,222969,408968,100495.67,114148.73,3722931.04,1936688.69,5668659.86,12967095.66,24510019.65
12/23/2021,12410,1823,37342,42955,91772,229175,415477,722924.59,100495.67,2444288.86,2702558.71,5451961.6,13458601.51,24880830.94
12/24/2021,2155,12325,27455,43329,98593,226122,409979,140759.5,717825.51,1652025.63,2893947.02,5874191.06,13282308.46,24561057.18
12/25/2021,2834,2145,27199,52793,97139,222389,404499,144164.51,140118.54,1581953.86,3487278.92,5793852.73,13051063.97,24198432.53
12/26/2021,11729,2804,17696,62355,91371,225210,411165,834589.6,142975.91,1044757.48,4037962.98,5396906.3,13283749.16,24740941.43
12/27/2021,12080,11694,18433,55370,93926,227798,419301,759005.19,832764.11,1067866.84,3608129.69,5560444.49,13449426.46,25277636.78
12/28/2021,894,12021,28079,36599,108393,229838,415824,46057.16,755694.05,1786205.92,2396343.56,6545271.15,13544026.03,25073597.87
12/29/2021,968,886,28094,37476,114431,231163,413018,56249.58,45618.16,1840653.18,2242343.96,7180503.84,13546166.99,24911535.71
12/30/2021,8021,920,26670,27782,121015,233388,417796,403109.71,54728.58,1737465.17,1641633.16,7654994.98,13632074.1,25124005.7
12/31/2021,5044,7974,24738,19234,130414,231943,419347,333650.81,401494.78,1645939.77,1125675.25,8207197.57,13549502.24,25263460.42
1/1/2022,3065,5038,21131,28502,130786,230513,419035,136233.63,333328.4,1223381.77,1814807.37,8228375.9,13468644.41,25204771.48
1/2/2022,6519,3047,14513,38208,123687,236288,422262,393970.1,135574.89,818206.45,2445653.63,7902299.9,13718948.46,25414653.43
1/3/2022,6496,6476,16537,27733,128442,238593,424277,381887.84,392436.55,900121.64,1821778.48,8109336.19,13949370.67,25554931.37
1/4/2022,1360,6425,21712,26276,122271,242238,420282,72924.12,375580.84,1222693.21,1721836.38,7718207.81,14232147.08,25343389.44
1/5/2022,950,1360,20523,30718,118485,244948,416984,46618.25,72924.12,1211729.8,1942475.99,7487840.26,14386351.82,25147940.24
1/6/2022,10150,950,16832,24656,123108,247556,423252,769166.9,46618.25,951187.23,1479157.2,7896613.03,14542756.76,25685499.37
1/7/2022,7726,10077,14560,16437,132382,245632,426814,477763.19,764744.91,851720.44,898474,8500664.28,14431661.56,25925028.38
1/8/2022,10120,7679,18136,21389,131367,243229,431920,698111.21,475489.56,1221963.83,1210851.12,8437123.96,14300278.71,26343818.39
1/9/2022,7583,10081,19340,26317,125556,245991,434868,437871.15,693878.83,1317600.84,1503433.42,8068750.36,14493332.99,26514867.59
1/10/2022,8227,7484,27588,20467,124613,249175,437554,521183.68,433112.17,1911126.46,1202301.37,7946209.87,14718263.39,26732196.94
1/11/2022,1177,8128,33115,16237,121621,251514,431792,68301.76,515404.77,2237509,912372.94,7750280.54,14930612.43,26414481.44
1/12/2022,678,1177,31568,22102,115423,256182,427130,33974.48,68301.76,2009453.32,1471921.91,7367457.41,15193402.74,26144511.62
1/13/2022,9997,678,25478,23123,111900,260906,432082,563227.26,33974.48,1623643.38,1545763.09,7137967.4,15516930.3,26421505.91
1/14/2022,10373,9922,16595,26306,115107,258748,437051,583423.41,558612.54,1004860.23,1820060.48,7327185.96,15406449.89,26700592.51
1/15/2022,10443,10310,19199,31558,113940,256520,441970,646533.74,580167.26,1139198.5,2135148.28,7249132.27,15297721.22,27047901.27
1/16/2022,8199,10399,21350,37687,106886,259495,444016,399243.57,644378.48,1201050.48,2545903.92,6813509.11,15509291.76,27113377.32
1/17/2022,8925,8111,29708,30029,96678,272862,446313,304176.15,395172.81,1732900.83,1926689.33,6290455.51,16402660.34,27052054.97
1/18/2022,2946,8863,35796,23991,92305,277411,441312,140540.48,301740.49,2021156.66,1535526.17,5882831.63,16865841.27,26745636.7
1/19/2022,1486,2946,35327,23731,89959,283702,437151,73404.24,140540.48,1791015.74,1414339.8,5785476.7,17293599.37,26498376.33
1/20/2022,12051,1486,28703,26210,86070,289142,443662,581529.03,73404.24,1392743.52,1538926.29,5544071.78,17623990.78,26754665.64
1/21/2022,11980,12006,20661,27976,90531,286687,449841,592393.65,579811.94,874312.72,1634561.17,5848363.67,17491074.49,27020517.64
1/22/2022,13675,11906,24639,33937,89453,283803,457413,775073.58,588556.28,1068151.85,1913772.29,5776724.54,17334727.17,27457005.71
1/23/2022,15637,13571,27555,40982,80450,288156,466351,871465.81,769840.8,1346063.7,2133902.63,5212902,17620213.03,27954387.97
1/24/2022,13141,15526,37588,35673,85157,285721,472806,712125.37,864158.8,1945017.9,1805925.54,5460671.58,17505147.53,28293046.72
1/25/2022,1860,13087,50287,28083,89973,283045,466335,110145.72,708657.36,2663195.5,1370321.94,5734075.28,17344962.31,27931358.11
1/26/2022,1984,1860,51132,30391,88539,287929,461835,103313.08,110145.72,2774574.36,1360047.77,5558414.07,17765753.8,27672248.8
1/27/2022,12749,1984,41824,33538,85897,292883,468875,714896.97,103313.08,2330016.82,1524230.53,5273636.45,18113235.86,28059329.71
1/28/2022,11989,12707,30606,38157,91696,289569,474724,695786.48,712993.21,1692707.34,1959311.78,5429707.47,17923339.66,28413845.94
1/29/2022,8841,11883,28541,48996,92517,286177,476955,486189.09,689171.2,1580487.39,2594985.53,5457736.72,17732297.71,28540867.64
1/30/2022,5916,8786,27696,59185,87626,286766,475975,323629.62,483735.42,1575835.07,3160934.99,5194507.45,17740683.57,28479326.12
1/31/2022,3249,5860,34011,49728,92620,286640,472108,165048.78,319757.34,1915549.24,2719060.37,5352777.39,17767862.04,28240055.16
2/1/2022,3639,3178,37014,40923,98310,284053,467117,210462.26,161365.49,2082188.28,2282936.33,5627207.52,17594826.98,27958986.86
2/2/2022,2226,3599,27977,40215,104566,283398,461981,145621.61,209469.38,1552274.58,2246631.45,5965568.01,17567219.98,27686785.01
2/3/2022,11892,2226,20231,37496,112573,283066,467484,519328.19,145621.61,1111400.96,2103378.89,6388352.74,17572600.38,27840682.77
2/4/2022,6960,11837,14288,33501,121563,279402,467551,416972.14,517096.23,805684.1,1896209.72,6888768.01,17356019.25,27880749.45
2/5/2022,8542,6926,20373,36693,120776,275664,468974,438675.95,415606.15,1011515.74,2064559.06,6865191.18,17133915.76,27929463.84
2/6/2022,10157,8519,23950,37303,115718,275945,471592,599913.88,437578.64,1258551.59,2091871.09,6442279.75,17285827.15,28116022.1
2/7/2022,9642,10071,28538,29217,120547,275065,473080,515847.72,596229.85,1472071.79,1639516.96,6681044.23,17280817.19,28185527.74
2/8/2022,9656,9573,35575,20629,122656,275959,474048,533035.56,511808.19,1884957.28,1165385.44,6738932.31,17413568.84,28247687.62
2/9/2022,3031,9646,33534,24008,123912,275948,470079,174587.42,532712.56,1883388.69,1219394.92,6804702.87,17423746.63,28038533.09
2/10/2022,6726,3029,36379,25052,121788,276590,469564,371393.52,174471.46,2007899.36,1315824.31,6631689.67,17510248.47,28011526.79
2/11/2022,14926,6687,30838,29698,121821,272475,476445,571110.05,369367.73,1740462.26,1558668.03,6626487.72,17276582.78,28142678.57
2/12/2022,19762,14839,27543,35305,122919,268447,488815,1079643.77,566452.46,1519196.59,1899896.56,6710128.02,17036904.78,28812222.18
2/13/2022,17512,19620,32898,41232,118524,268534,498320,1011775.55,1069027.98,1582738.85,2190448.59,6477956.31,17042454.93,29374402.21
2/14/2022,13542,17366,42869,39007,120760,269651,503195,750815.6,1004643.29,2110515.86,2199622.34,6464752.59,17111537.56,29641887.24
2/15/2022,6392,13395,55749,35658,117391,270561,499146,415611.52,742254.53,2860503.14,1990453.17,6260588.44,17173114.96,29442525.76
2/16/2022,3688,6380,62194,33660,117409,272244,495575,204851.92,415200.28,3224502.37,1909378.91,6280565.25,17215917.59,29250416.32
2/17/2022,12773,3682,54335,38100,118764,274108,501762,714967.54,204641.92,3097817.3,1870810.84,6528366.93,17188319.96,29604924.49
2/18/2022,8407,12671,39201,48149,122768,272453,503649,471934.99,710629.23,2282324.93,2424015.05,6755339.21,17070146.43,29714389.84
2/19/2022,7852,8371,34751,55713,128438,269387,504512,481034.6,470063.43,2004412.67,2875878.78,7093481.85,16884419.57,29809290.9
2/20/2022,12022,7813,29959,64656,122376,272469,509295,639540.71,478728.12,1743140.02,3370340.76,6801982.39,17021784.03,30055516.03
2/21/2022,13176,11989,31111,64223,119101,274659,514259,714479.38,637129.65,1793113.56,3414844.55,6664637.29,17082344.01,30306548.44
2/22/2022,2128,13132,38753,54191,120110,279373,507687,106798.35,711712.4,2191465.33,3102609.41,6474344.56,17349558.98,29936489.03
2/23/2022,1620,2126,39901,47744,125374,285608,502373,79738.33,106663.53,2219050.6,2791308.87,6719708.55,17715834.53,29632304.41
2/24/2022,11505,1618,33777,39646,130208,290448,507202,622131.64,79680.83,1863641.07,2299555.47,7052650.79,17981455.68,29899115.48
2/25/2022,10383,11464,28031,34435,139292,287434,511039,587877.15,620216.03,1490497.28,2049271.82,7570537.61,17808117.38,30126517.27
2/26/2022,15232,10350,27719,39717,141971,284735,519724,774093.28,586250.57,1488410.5,2249491.14,7799339.43,17649321.37,30546906.29
2/27/2022,14635,15165,24980,48586,134908,288395,526669,822774.24,769989.05,1365857.1,2729132.85,7397706.71,17858338.93,30943798.88
2/28/2022,12632,14552,37384,39693,135440,291769,531470,750766.5,816752.62,2001576.49,2205354.12,7438767.65,18050803.98,31264021.36
2/29/2022,4706,12538,48754,33303,135341,292095,526737,260508.09,743984.22,2652838.37,1837694.39,7436248.88,18083960.79,31015234.74
3/1/2022,2892,4695,49746,37007,136767,291541,522648,160401.21,259799.44,2767103.33,1990214.64,7575659.83,18039115.9,30792294.35
3/2/2022,8556,2889,44118,35756,143819,289131,524269,488153.99,160257.99,2445407,1962243.35,7961769.13,17883955.81,30901787.27
3/3/2022,1819,8492,33185,36422,152095,287345,519358,90154.26,484943.61,1892375.38,1963342.48,8401726.03,17793012.91,30625554.67
3/4/2022,3908,1809,27697,47370,150985,285220,516989,201801.07,89407.43,1598616.01,2584928.63,8324272.64,17689983.59,30489009.37
3/5/2022,2719,3894,17082,57193,142218,289264,512370,137211.12,200706.7,954817.34,3187140.7,7959088.59,17805725.64,30244690.09
3/6/2022,2032,2703,16157,50876,146990,289144,507902,122711.93,136338.19,890629.37,2844020.06,8198749.72,17819298.02,30011747.29
3/7/2022,302,2024,15788,43478,148472,290726,500790,19015.78,122219.94,852742.13,2427041.84,8319920.59,17879836.49,29620776.77
3/8/2022,132,302,9870,38424,152466,294149,495343,10535.41,19015.78,521079.47,2197857.95,8470551.59,18102733.3,29321773.5
3/9/2022,2394,128,8299,27068,157246,297015,492150,149869.97,10215.45,443266.51,1557098.31,8765753.15,18242353.21,29168556.6
3/10/2022,1595,2378,4731,19301,160318,300294,488617,89308.53,148610.64,265803.59,1067761.1,8969542.83,18436373.78,28977400.47
3/11/2022,3800,1583,4550,17351,160530,299761,487575,181120.16,88742.47,284706.44,947224.05,8980371.65,18414738.3,28896903.07
3/12/2022,744,3778,4281,16264,157692,302014,484773,41657.15,180513.01,261705.32,890629.21,8821060.63,18542030.61,28737595.93
3/13/2022,16,740,7650,9192,155079,309507,482184,2375.11,41436.8,417864.58,484173.53,8849825.39,18811481.53,28607156.94
3/14/2022,0,16,8272,7763,141901,322514,480466,0,2375.11,449648.58,415326.75,8125567.3,19518659.41,28511577.15
3/15/2022,0,0,6011,6609,131722,334757,479099,0,0,308313.78,389351.87,7479176.87,20264521.73,28441364.25
3/16/2022,742,0,4488,5803,123364,344279,478676,41070.06,0,222225.24,355967.93,6998901.69,20798883.13,28417048.05
3/17/2022,0,742,750,7899,120055,348813,478259,0,41070.06,43476.07,434429.37,6759269.95,21115943.87,28394189.32
3/18/2022,20,0,758,8336,117660,351158,477932,842.8,0,43445.17,456793.75,6630873.78,21244732.46,28376687.96
3/19/2022,3,20,742,8248,109302,359183,477498,125.5,842.8,41070.06,450083.25,6141810.04,21722385.62,28356317.27
3/20/2022,160,3,762,5994,105579,364272,476770,7969.52,125.5,41912.86,307344.1,5933704.16,22042780.73,28333836.87
3/21/2022,0,160,765,4470,101172,369261,475828,0,7969.52,42038.36,221554.06,5647873.41,22354449.82,28273885.17
3/22/2022,0,0,183,1492,95565,377847,475087,0,0,8937.82,84546.13,5324928.13,22820991.51,28239403.59
3/23/2022,0,0,183,756,85215,387606,473760,0,0,8937.82,43214.85,4768095.31,23368170.47,28188418.45
3/24/2022,0,0,163,762,83434,389248,473607,0,0,8095.02,41912.86,4677533.16,23452693.91,28180234.95
3/25/2022,0,0,160,765,82088,390286,473299,0,0,7969.52,42038.36,4609222.78,23508042.89,28167273.55
3/26/2022,0,0,0,925,72780,399405,473110,0,0,0,50007.88,4090821.56,24015982.23,28156811.67
3/27/2022,0,0,0,183,64852,407347,472382,0,0,0,8937.82,3624541.89,24470803.16,28104282.87
3/28/2022,0,0,0,183,54081,417682,471946,0,0,0,8937.82,3037149.53,25033007.73,28079095.08
3/29/2022,0,0,0,163,42028,427636,469827,0,0,0,8095.02,2366658.87,25591681.26,27966435.15
3/30/2022,0,0,0,160,31385,437771,469316,0,0,0,7969.52,1741036.6,26183754.56,27932760.68
3/31/2022,0,0,0,0,27595,441556,469151,0,0,0,0,1526358.85,26398213.84,27924572.69
4/1/2022,0,0,0,0,25088,443838,468926,0,0,0,0,1382611.63,26525388.77,27908000.4
4/2/2022,0,0,0,0,18042,450632,468674,0,0,0,0,975042.56,26920313.62,27895356.18
4/3/2022,3,0,0,0,16612,451621,468236,145.41,0,0,0,901269.44,26974663.96,27876078.81
4/4/2022,0,3,0,0,13261,454436,467700,0,145.41,0,0,735570.67,27112257.46,27847973.54
4/5/2022,0,0,3,0,10886,455894,466783,0,0,145.41,0,614340.45,27188287.15,27802773.01
4/6/2022,0,0,3,0,9262,457111,466376,0,0,145.41,0,514594.94,27266878.61,27781618.96
4/7/2022,3,0,3,0,8968,457061,466035,156.67,0,145.41,0,495992.04,27262351.4,27758645.52
4/8/2022,6,3,3,0,8861,456975,465848,278,156.67,145.41,0,486780.73,27255291.62,27742652.43
4/9/2022,0,6,3,3,6636,458982,465630,0,278,156.67,145.41,345654.52,27385725.14,27731959.74
4/10/2022,0,0,9,3,5233,460016,465261,0,0,434.67,145.41,264367.12,27446255.17,27711202.37
4/11/2022,0,0,9,3,1655,463295,464962,0,0,434.67,145.41,92652.63,27597655.84,27690888.55
4/12/2022,0,0,9,3,931,463202,464145,0,0,434.67,145.41,51800.67,27597709,27650089.75
4/13/2022,0,0,6,6,917,462559,463488,0,0,278,302.08,49655.88,27573175.7,27623411.66
4/14/2022,0,0,0,9,920,462445,463374,0,0,0,434.67,49801.29,27565961.96,27616197.92
4/15/2022,0,0,0,9,920,462237,463166,0,0,0,434.67,49801.29,27554693.73,27604929.69
4/16/2022,0,0,0,9,186,462772,462967,0,0,0,434.67,9083.23,27584218.57,27593736.47
4/17/2022,0,0,0,9,186,462420,462615,0,0,0,434.67,9083.23,27569124.16,27578642.06
4/18/2022,0,0,0,6,169,461906,462081,0,0,0,278,8397.1,27540419.28,27549094.38
4/19/2022,0,0,0,0,172,461333,461505,0,0,0,0,8549.6,27517717.52,27526267.12
4/20/2022,0,0,0,0,12,461037,461049,0,0,0,0,580.08,27502959.87,27503539.95
4/21/2022,0,0,0,0,12,460841,460853,0,0,0,0,580.08,27491451.89,27492031.97
4/22/2022,0,0,0,0,12,460330,460342,0,0,0,0,580.08,27462556.55,27463136.63
4/23/2022,36,0,0,0,12,459819,459867,1823,0,0,0,580.08,27437799.13,27440202.21
4/24/2022,0,36,0,0,12,459605,459653,0,1823,0,0,580.08,27423897.32,27426300.4
4/25/2022,0,0,36,0,12,459114,459162,0,0,1823,0,580.08,27392039.4,27394442.48
4/26/2022,0,0,36,0,12,458383,458431,0,0,1823,0,580.08,27341336.24,27343739.32
4/27/2022,0,0,36,0,12,458158,458206,0,0,1823,0,580.08,27326195.05,27328598.13
4/28/2022,0,0,36,0,12,458031,458079,0,0,1823,0,580.08,27319412.69,27321815.77
4/29/2022,0,0,0,36,12,457874,457922,0,0,0,1823,580.08,27309183.04,27311586.12
4/30/2022,0,0,0,36,12,457519,457567,0,0,0,1823,580.08,27291407.14,27293810.22
5/1/2022,0,0,0,36,12,457130,457178,0,0,0,1823,580.08,27271872.67,27274275.75
5/2/2022,0,0,0,36,12,456265,456313,0,0,0,1823,580.08,27216189.67,27218592.75
5/3/2022,0,0,0,36,12,454947,454995,0,0,0,1823,580.08,27158574.86,27160977.94
5/4/2022,0,0,0,0,45,454657,454702,0,0,0,0,2257.67,27143358.01,27145615.68
5/5/2022,0,0,0,0,45,454510,454555,0,0,0,0,2257.67,27136377.36,27138635.03
5/6/2022,0,0,0,0,45,454164,454209,0,0,0,0,2257.67,27113355.1,27115612.77
5/7/2022,6,0,0,0,45,453530,453581,301.77,0,0,0,2257.67,27075825.85,27078385.29
5/8/2022,5,6,0,0,42,453039,453092,129,301.77,0,0,2101,27048349.06,27050880.83
5/9/2022,0,5,6,0,36,451787,451834,0,129,301.77,0,1823,26973590.92,26975844.69
5/10/2022,0,0,11,0,36,450717,450764,0,0,430.77,0,1823,26921419.83,26923673.6
5/11/2022,0,0,11,0,36,450406,450453,0,0,430.77,0,1823,26905189.67,26907443.44
5/12/2022,0,0,11,0,36,449869,449916,0,0,430.77,0,1823,26868264.46,26870518.23
5/13/2022,0,0,5,6,36,449664,449711,0,0,129,301.77,1823,26854628.81,26856882.58
5/14/2022,0,0,0,11,36,449316,449363,0,0,0,430.77,1823,26827660.98,26829914.75
5/15/2022,0,0,0,11,36,448978,449025,0,0,0,430.77,1823,26809293.21,26811546.98
5/16/2022,0,0,0,11,36,448108,448155,0,0,0,430.77,1823,26757205.92,26759459.69
5/17/2022,0,0,0,11,36,446266,446313,0,0,0,430.77,1823,26640176.74,26642430.51
5/18/2022,56,0,0,5,42,445912,446015,1223.25,0,0,129,2124.77,26619959.61,26623436.63
5/19/2022,8,56,0,0,47,445692,445803,232,1223.25,0,0,2253.77,26605499.34,26609208.36
5/20/2022,0,8,56,0,47,444815,444926,0,232,1223.25,0,2253.77,26556328.26,26560037.28
5/21/2022,0,0,64,0,47,443753,443864,0,0,1455.25,0,2253.77,26491906.13,26495615.15
5/22/2022,0,0,64,0,47,442730,442841,0,0,1455.25,0,2253.77,26428054.05,26431763.07
5/23/2022,0,0,64,0,47,441579,441690,0,0,1455.25,0,2253.77,26372703.27,26376412.29
5/24/2022,0,0,8,56,11,439874,439949,0,0,232,1223.25,430.77,26252387.7,26254273.72
5/25/2022,0,0,0,64,11,438033,438108,0,0,0,1455.25,430.77,26163467.45,26165353.47
