ref_date,sold_tickets_count,revenue,cogs,true_sale,purchased_tickets_count,costs
1/20/2021,327,0,16259.18,f,3918,268144.01
4/8/2021,5766,383871.28,336648.05,t,6311,421305.81
4/9/2021,5743,375835.13,346074.17,t,4676,287924.16
4/26/2021,5524,330466.77,326958.25,t,250,21636.31
6/22/2021,6643,353969.31,354617.54,t,1950,95165.07
6/25/2021,5728,323313.27,295368.79,t,3463,181119.25
7/4/2021,5079,260880.21,230849.84,t,4628,180790.45
8/26/2021,912,0,14631.89,f,7940,405355.28
11/19/2021,5869,428913.48,357813.58,t,7439,459432.66
12/20/2021,7551,545623.14,451113.33,t,7929,443202
1/2/2022,4477,303225.52,240382.53,t,4772,295255.7
3/4/2022,6668,446017.75,364842.32,t,586,37306.64
4/16/2022,112,8642.68,7025.09,t,0,0
7/4/2021,4,0,102.67,f,4628,180790.45
1/8/2021,2349,201009.92,144987.46,t,2965,208484.47
2/27/2021,6311,481986.6,379090.98,t,10866,641524.65
4/14/2021,4636,294820,265841.77,t,478,25845.27
5/8/2021,5178,280321.04,260525.39,t,5560,338397.24
5/27/2021,5109,262593.91,232560.06,t,5612,285326.61
6/30/2021,5855,305496.84,281543.27,t,260,15295.12
8/18/2021,4274,254036.82,212263.66,t,822,37836.76
8/22/2021,6120,351396.95,296288.18,t,10710,492138.6
10/5/2021,5388,382269.9,320423.29,t,1746,94979.11
11/19/2021,244,0,17403.02,f,7439,459432.66
1/8/2022,4640,339399.32,267382.8,t,6802,442038.38
2/13/2022,8538,613114.27,478912.47,t,4586,230380.26
3/21/2022,135,9201.36,8138.18,t,0,0
4/6/2022,77,5826.49,5117.67,t,0,0
4/7/2022,153,6206.43,14525.34,t,0,0
3/25/2022,127,7998.72,7441.85,t,0,0
4/1/2021,40,0,1624.49,f,8575,520021.78
10/17/2021,83,0,3937.9,f,8962,546669.67
3/13/2021,5518,350220.7,320651.58,t,5662,332221.48
6/19/2021,57,0,2499.8,f,5453,297144.76
6/30/2021,110,0,4246.33,f,260,15295.12
10/27/2021,5380,376457.01,382292.94,t,1601,114728.59
1/2/2022,17,0,2086.26,f,4772,295255.7
1/19/2022,170,0,8677.94,f,616,23714.07
1/22/2022,6693,456892.25,373945.33,t,6568,344353.32
1/22/2022,17,0,960.69,f,6568,344353.32
2/7/2022,8710,589510.76,472088.73,t,3935,202647.02
2/9/2022,364,0,9338.72,f,600,29816.05
2/9/2022,6881,496864.49,389201.21,t,600,29816.05
3/4/2022,670,123.91,16688.08,f,586,37306.64
5/4/2022,73,4979.14,4196.14,t,0,0
2/19/2021,27,0,1698.14,f,6555,413508.4
6/28/2021,21,0,1190.09,f,4567,238286.89
1/20/2021,2613,213471.83,159484.48,t,3918,268144.01
6/18/2021,125,0,2971.92,f,9694,424366.46
8/26/2021,5049,288824.96,250823.06,t,7940,405355.28
1/13/2022,5407,388861.17,305262.02,t,7561,416951.46
5/9/2022,93,6598.44,5967.44,t,0,0
4/8/2021,460,0,20212.86,f,6311,421305.81
4/14/2021,358,0,8846.84,f,478,25845.27
4/26/2021,94,0,4735.13,f,250,21636.31
12/20/2021,140,0,4937.08,f,7929,443202
1/13/2022,13,0,719.9,f,7561,416951.46
8/22/2021,34,0,703.44,f,10710,492138.6
12/16/2021,30,0,1179.19,f,7604,470558.92
2/19/2021,4925,352937.89,283869.33,t,6555,413508.4
3/31/2021,4617,315332.26,271671.44,t,168,7146.54
3/31/2021,200,0,9295.51,f,168,7146.54
4/1/2021,5359,360310.24,313034.43,t,8575,520021.78
4/16/2021,5699,362130.24,333841.97,t,4673,292466.39
5/23/2021,5455,272901.28,249191.18,t,3221,166232.93
11/13/2021,6772,475974.84,413338.57,t,9574,517642.24
11/20/2021,5721,414406.02,340586.04,t,7530,526792.28
11/21/2021,5878,402289.61,332213.68,t,9122,579741.67
12/8/2021,375,0,22731.07,f,585,29333.86
12/21/2021,6327,468904.53,373387.16,t,1488,83223.47
1/16/2022,14,0,887.37,f,4872,232984.32
1/17/2022,7883,551385.11,444583.19,t,4933,170082.04
2/26/2022,7679,525325.59,425717.85,t,4388,189229.11
2/27/2022,7708,517302.22,428787.32,t,2952,175959.88
1/5/2022,13,0,629.06,f,612,28149.03
5/31/2021,81,0,5779.07,f,4431,217419.27
1/30/2022,10,0,499.5,f,2905,163805.09
2/6/2021,28,0,1487.89,f,7130,429688.11
5/8/2021,311,0,10957.7,f,5560,338397.24
5/29/2021,6215,301640.78,275205.16,t,1867,99020.89
5/29/2021,48,0,1685.2,f,1867,99020.89
5/31/2021,6790,346900.89,324788.17,t,4431,217419.27
6/19/2021,5964,327923.33,309154.41,t,5453,297144.76
6/28/2021,7906,421515.12,398571.87,t,4567,238286.89
10/16/2021,6662,448311.24,387222.21,t,8696,485673.17
10/17/2021,7639,491743.33,432666.98,t,8962,546669.67
12/16/2021,6822,530575.47,423780.84,t,7604,470558.92
1/19/2022,5377,394384.18,317078.21,t,616,23714.07
4/5/2022,68,5231.31,4605.01,t,0,0
6/25/2021,125,0,6039.77,f,3463,181119.25
10/27/2021,1,0,25,f,1601,114728.59
5/27/2021,18,0,1012,f,5612,285326.61
1/8/2021,4,0,250.24,f,2965,208484.47
1/12/2021,2,0,82,f,3935,195877.2
2/27/2021,45,0,2723.49,f,10866,641524.65
4/16/2021,75,0,1693.18,f,4673,292466.39
9/21/2021,6831,419666.93,381360.89,t,1625,82044.25
6/18/2021,5611,316110.35,292816.04,t,9694,424366.46
9/20/2021,8928,549231.77,477432.4,t,9971,524548.05
10/22/2021,6140,395215.92,337547.47,t,7947,621004.45
10/22/2021,139,0,8065.92,f,7947,621004.45
10/25/2021,7703,487039.2,439498.49,t,10082,567187.89
11/20/2021,139,0,7078.32,f,7530,526792.28
11/21/2021,75,0,5434.97,f,9122,579741.67
11/25/2021,4860,348276.58,283170.69,t,8795,556345.71
12/28/2021,3782,286079.59,219104.2,t,671,32797.4
1/16/2022,6625,452625.24,365472.55,t,4872,232984.32
1/30/2022,7119,476099.96,404889.69,t,2905,163805.09
2/13/2022,152,0,5293.43,f,4586,230380.26
5/23/2021,104,0,3185.73,f,3221,166232.93
11/13/2021,252,0,19288.21,f,9574,517642.24
2/1/2021,6528,492463.73,392142.74,t,20595,879128.34
3/1/2021,8702,665593.28,532572.98,t,6458,420105.56
4/5/2021,51,0,1949.27,f,12170,702854.21
6/21/2021,8340,432925.73,422911.2,t,6517,303421.49
6/21/2021,122,0,5282.13,f,6517,303421.49
7/6/2021,5983,309686.15,276134.06,t,220,13519.19
8/3/2021,169,0,8343.08,f,436,21971.67
7/29/2021,6187,356312.79,300402.77,t,5869,309014.13
8/30/2021,6913,387838.58,349882.55,t,7005,408692.11
9/7/2021,225,0,6511.8,f,1168,65074.12
9/8/2021,5829,361279.19,315979.98,t,908,46845.86
9/23/2021,179,0,11729.72,f,15043,1018732.84
12/18/2021,6465,474570.95,384680.16,t,6825,458350.18
3/1/2022,341,0,14857.12,f,462,21235.96
5/25/2022,25,2082.21,1806.21,t,0,0
2/7/2021,119,0,5065.79,f,6115,378303.24
3/1/2021,231,0,12950.53,f,6458,420105.56
4/21/2021,3836,243485.11,228126.08,t,152,4477.06
5/2/2021,4832,280711.11,287008.26,t,53746,1071074.27
5/4/2021,3905,235509.02,225069.38,t,4143,100264.94
6/16/2021,817,0,31476.28,f,207,10301.26
6/26/2021,28,0,1079.36,f,3074,165014.89
9/30/2021,5944,396840.13,337388.03,t,9070,537222.58
12/3/2021,243,0,17106.55,f,7441,534489.85
2/12/2022,7954,571335.68,448472.58,t,6037,330797.03
2/24/2022,6410,449029.21,358242.11,t,2256,107160.88
3/30/2022,128,8130.94,7407.63,t,0,0
3/15/2022,529,36756.98,31448.54,t,0,0
9/12/2021,155,0,3133.04,f,8297,433643.93
6/27/2021,115,0,3676.48,f,2442,79598.04
1/2/2021,9,0,1122.15,f,4580,263959.28
2/2/2022,81,0,4284.06,f,814,46398.5
7/20/2021,5974,319325.23,276249.08,t,1022,52057.35
9/8/2021,101,0,4887.95,f,908,46845.86
11/7/2021,6851,473128.15,396710.43,t,7901,528786.21
12/15/2021,350,0,18224.61,f,1009,64176.96
2/14/2022,10435,766768.48,613610.03,t,3410,178377.42
3/8/2022,5055,319812.27,274670.39,t,30,1579.8
4/26/2022,77,5496.72,4861.81,t,0,0
6/15/2021,148,0,5707.44,f,620,31225.2
8/6/2021,374,0,18237.25,f,3559,171894.11
2/24/2022,146,0,2649.12,f,2256,107160.88
5/4/2021,448,0,29885.36,f,4143,100264.94
10/19/2021,2,0,264,f,1473,79408.6
3/22/2021,396,0,16540.23,f,14386,952101.2
4/5/2021,8060,512994.7,455566.47,t,12170,702854.21
4/6/2021,5405,378138.36,325349.91,t,2443,130779.07
7/9/2021,6027,330792.33,279034.89,t,4686,251821.97
8/17/2021,5232,297252.39,248776.23,t,698,35429.52
10/31/2021,6098,409777.22,352197.57,t,6929,458589.11
11/12/2021,6900,467147.44,401944.29,t,6730,390198.98
2/12/2022,66,0,1938.47,f,6037,330797.03
3/1/2022,6579,449531.41,363561.78,t,462,21235.96
3/8/2022,532,0,28416.48,f,30,1579.8
5/10/2022,68,4359.94,3988.21,t,0,0
7/20/2021,46,0,1022.86,f,1022,52057.35
7/29/2021,18,0,1162.89,f,5869,309014.13
8/30/2021,357,0,24995.5,f,7005,408692.11
2/1/2021,40,0,3105.48,f,20595,879128.34
9/30/2021,4,0,413.35,f,9070,537222.58
2/17/2021,189,0,8905.16,f,2163,131967.18
2/17/2021,5062,393689.25,304486.95,t,2163,131967.18
3/22/2021,6027,407291.03,357441.09,t,14386,952101.2
5/13/2021,115,0,4434.6,f,8666,477261.2
10/19/2021,6085,406401.75,352099.12,t,1473,79408.6
6/16/2021,6529,351556.72,326738.16,t,207,10301.26
6/26/2021,6186,349599.57,313334.58,t,3074,165014.89
6/27/2021,6398,344489.95,321838.97,t,2442,79598.04
8/6/2021,6019,351058.73,281247.85,t,3559,171894.11
8/15/2021,5592,317074.96,279980.15,t,8862,497379.68
9/23/2021,5723,374519.15,315590.8,t,15043,1018732.84
12/3/2021,6790,488641.38,409039.02,t,7441,534489.85
12/15/2021,6597,510377.42,415136.21,t,1009,64176.96
5/6/2022,60,4702.3,4212.49,t,0,0
2/13/2021,18,0,1009.65,f,9783,532517.42
7/9/2021,447,0,6571.43,f,4686,251821.97
2/20/2022,41,0,2171.3,f,2735,144720.3
8/2/2021,37,0,2169.73,f,4473,224993.93
10/15/2021,4,0,120,f,8825,511777.5
2/7/2021,5579,394732,324943.39,t,6115,378303.24
2/10/2021,5280,412311.21,313347.31,t,4872,319372.24
4/23/2021,5327,315865.02,308001.25,t,7281,447980.36
5/13/2021,5507,312653.88,269265.5,t,8666,477261.2
7/23/2021,6026,356741.51,297115.65,t,6082,321852.11
8/3/2021,6267,355689.27,290889.23,t,436,21971.67
6/15/2021,7989,425714.42,391938.92,t,620,31225.2
9/12/2021,7124,461590.61,383389.63,t,8297,433643.93
9/27/2021,8869,564244.5,497453.28,t,10311,547215.4
10/15/2021,6374,431188.18,368120.4,t,8825,511777.5
11/7/2021,159,0,7418.73,f,7901,528786.21
2/20/2022,8188,540233.2,462387.51,t,2735,144720.3
3/3/2022,6278,419657.89,338188.04,t,369,16328.51
5/21/2022,42,3318.28,2937.21,t,0,0
2/14/2022,25,0,2932.78,f,3410,178377.42
9/27/2021,64,0,2736.34,f,10311,547215.4
7/8/2021,77,0,1540,f,4058,193975.59
3/2/2021,5634,417555.92,356444.62,t,2134,125029.88
4/21/2021,338,0,14405.93,f,152,4477.06
11/11/2021,6387,459263.74,388419.88,t,8292,452319.7
7/18/2021,6588,380102.14,321626.67,t,5981,387020.51
8/15/2021,135,0,6921.83,f,8862,497379.68
12/18/2021,36,0,2349.47,f,6825,458350.18
7/18/2021,90,0,1951.65,f,5981,387020.51
3/15/2022,68,0,3119.16,f,0,0
1/2/2021,2007,171853.69,122714.85,t,4580,263959.28
2/10/2021,374,0,21045.57,f,4872,319372.24
2/13/2021,6769,490284.57,384302.19,t,9783,532517.42
8/2/2021,7798,432235.3,354143.52,t,4473,224993.93
6/24/2021,6155,339687.59,310529.01,t,4927,264483.27
7/8/2021,5746,314034.85,271667.7,t,4058,193975.59
9/7/2021,6438,387569.78,342983.53,t,1168,65074.12
1/13/2021,77,0,5898.2,f,815,48992.92
1/21/2021,2660,212806.78,154407.89,t,10126,616864.95
1/28/2021,3690,272566.63,214219.47,t,11011,626506.51
3/23/2021,5059,337405.23,301099.6,t,1016,64907.77
4/20/2021,4662,293748.85,275013.11,t,156,8048.63
5/3/2021,55,0,2711.81,f,15025,440194.18
8/27/2021,46,0,2383.79,f,16141,943830.54
10/14/2021,5969,407419.64,348443.92,t,11692,706366.72
12/24/2021,8332,674229.52,508214.63,t,1367,86320.29
3/12/2022,2179,127636.72,121050.19,t,40,2014.55
3/18/2021,5238,369552.62,299426.74,t,10087,680718.01
5/5/2021,686,0,33594.08,f,1026,20506.5
5/16/2021,6187,304722.33,272115.06,t,4289,233412
6/2/2021,1434,0,67512.35,f,580,30896.37
8/19/2021,318,0,11623.35,f,9283,438665.5
9/1/2021,33,0,642.1,f,1060,51414.68
9/24/2021,129,0,5188.5,f,11035,616248.42
9/29/2021,5892,384032.94,333593.75,t,1182,61930.01
10/23/2021,6390,417665.85,358699.63,t,9302,563398.74
12/26/2021,3949,290789.42,222763.93,t,6878,455062.71
2/1/2022,7279,502997.48,415786.46,t,1452,74430.05
3/22/2022,150,10961.15,9771.86,t,0,0
5/9/2021,129,0,5575.22,f,6713,431342.3
1/23/2022,54,0,3505.36,f,7896,398794.97
1/21/2021,19,0,996.01,f,10126,616864.95
6/4/2021,254,0,12258.67,f,3897,178399.67
6/29/2021,105,0,6526.69,f,284,21985.5
1/9/2022,32,0,1402.76,f,4957,273429.9
1/27/2021,3398,272393.55,201160.35,t,2376,164976.97
8/29/2021,6323,343524.36,309100.41,t,8553,482549.84
9/1/2021,3743,237972.33,194692.41,t,1060,51414.68
10/20/2021,201,0,12349.92,f,978,46412.29
11/1/2021,8247,536805.46,480546.93,t,7008,464614.92
11/22/2021,6940,499548.48,414046.84,t,10053,744503.37
12/27/2021,4345,324177.3,248408.2,t,7554,465939.15
1/3/2022,5298,362441.4,283667.77,t,4738,279995.62
3/5/2022,67,0,3669.83,f,412,19626.28
3/16/2022,286,18312.11,16934.61,t,0,0
4/9/2022,119,8305.67,7564.07,t,0,0
8/7/2021,4,0,533.83,f,4956,232701.51
1/4/2021,30,0,1467.24,f,2384,132891.08
2/23/2021,5278,401752.39,311428.6,t,6641,361450.7
5/5/2021,3677,221099.59,211580.12,t,1026,20506.5
6/29/2021,6167,328928.94,314601.88,t,284,21985.5
9/26/2021,7335,469047.24,408976.89,t,8510,464311.03
12/12/2021,8194,596380.8,520324.76,t,8392,515628.73
12/19/2021,6476,469898.57,389443.76,t,7944,480976.28
12/22/2021,132,0,6547.54,f,1317,69226.15
3/16/2022,63,0,3906.58,f,0,0
3/20/2022,268,12568.1,26367.04,t,0,0
5/16/2021,388,0,13945.93,f,4289,233412
11/1/2021,270,0,12337.54,f,7008,464614.92
12/19/2021,36,0,3761.44,f,7944,480976.28
2/1/2022,59,0,2307.44,f,1452,74430.05
8/9/2021,7,0,473.3,f,4177,201044.91
1/4/2021,2536,213669.76,154928.16,t,2384,132891.08
4/4/2021,42,0,1983.18,f,11363,628541.86
6/2/2021,5346,292716.96,263701.09,t,580,30896.37
6/3/2021,5723,324347,289384.78,t,6329,282346.56
6/3/2021,19,0,918.85,f,6329,282346.56
8/9/2021,6926,403829.43,335466.02,t,4177,201044.91
8/27/2021,5280,296124.4,252158.05,t,16141,943830.54
11/17/2021,508,0,27603.65,f,968,50645.09
12/22/2021,5781,449559.12,346593.14,t,1317,69226.15
2/25/2022,168,0,2350.44,f,1929,104289.27
3/2/2022,6707,462265.04,365360.35,t,1563,84015.72
3/5/2022,6433,410021.67,351984.9,t,412,19626.28
5/1/2022,177,13772.34,12790.9,t,0,0
5/5/2022,77,5383,4794.03,t,0,0
11/28/2021,15,0,671.81,f,5902,224729.24
1/19/2021,2995,232559.4,175466.37,t,5353,367982.22
5/17/2021,7006,339843.39,315810.5,t,3028,146654
11/17/2021,5715,414876.44,337250.29,t,968,50645.09
7/21/2021,5238,300710.96,249499.94,t,979,45981.38
8/7/2021,6159,369470.71,302432.9,t,4956,232701.51
8/19/2021,4545,269031.55,222001.85,t,9283,438665.5
8/28/2021,5659,319695.57,284334.1,t,7038,352800.78
8/29/2021,92,0,6432.25,f,8553,482549.84
9/29/2021,365,0,14947.67,f,1182,61930.01
10/8/2021,5747,391516.34,330218.84,t,9099,578704.71
11/6/2021,6288,428154.41,354082.37,t,8575,553638.77
11/6/2021,315,0,14882.5,f,8575,553638.77
12/14/2021,7748,554996.51,473196.02,t,1685,107121.65
2/6/2022,8074,548333.13,443901.51,t,3940,212528.64
4/14/2022,88,6746.49,5899.31,t,0,0
3/27/2022,148,9533.44,8948.02,t,0,0
9/26/2021,2,0,213.28,f,8510,464311.03
5/17/2021,191,0,8972.9,f,3028,146654
12/27/2021,28,0,1887.81,f,7554,465939.15
2/6/2022,105,0,3553.35,f,3940,212528.64
5/18/2022,49,3935.08,3325.61,t,0,0
1/13/2021,2236,198040.45,135836.26,t,815,48992.92
2/25/2021,5457,408905.92,319257.55,t,11798,742758.4
4/4/2021,5917,389309.7,338212.24,t,11363,628541.86
4/25/2021,4761,270715.12,273910.89,t,168,7631.68
4/25/2021,108,0,6216.9,f,168,7631.68
10/14/2021,449,0,22479.31,f,11692,706366.72
10/23/2021,30,0,1056.5,f,9302,563398.74
1/12/2022,5017,369749.65,284549.56,t,506,24322.44
3/12/2022,229,0,10567.19,f,40,2014.55
1/27/2021,327,0,12859.54,f,2376,164976.97
2/4/2021,40,0,2793.79,f,5616,352092.1
3/18/2021,103,0,2491.42,f,10087,680718.01
1/28/2021,26,0,929.4,f,11011,626506.51
3/2/2022,28,0,1392.18,f,1563,84015.72
2/4/2021,4789,343679.51,277532.71,t,5616,352092.1
2/25/2021,30,0,2542.65,f,11798,742758.4
4/15/2021,5072,326943.52,299679.17,t,5608,332563.89
5/3/2021,4770,282683.92,284999.99,t,15025,440194.18
5/9/2021,5508,303876.77,280148.22,t,6713,431342.3
6/4/2021,5876,314244.62,287841.24,t,3897,178399.67
2/8/2021,123,0,7825.92,f,6148,337310.04
2/20/2021,172,0,9972.44,f,4971,327763.04
3/12/2021,64,0,4038.6,f,8362,474833.13
3/15/2021,162,0,5754.38,f,2891,185092.6
3/15/2021,6904,447869.85,403065.1,t,2891,185092.6
5/24/2021,6387,311930.2,288731.84,t,4810,204077.38
5/28/2021,5843,289185.11,264058.46,t,4346,248686.34
5/28/2021,20,0,449.75,f,4346,248686.34
8/24/2021,5188,310560.97,264714.77,t,577,30853
10/3/2021,7144,476982.54,398889.26,t,11000,678115.73
10/10/2021,7243,454767.74,414731.83,t,8335,448479.28
11/18/2021,6346,486298.83,388424.45,t,9521,579332.7
12/23/2021,15,0,729.91,f,8384,484286.53
1/14/2022,5512,375701.72,298778.8,t,6791,363078.72
1/27/2022,6145,441248.65,341866.55,t,5635,311057.61
2/19/2022,7141,477941.56,391135.91,t,2158,121852.79
1/7/2021,184,0,5442.14,f,8324,569405.49
1/30/2021,4031,290507.7,233586.32,t,4853,305262.91
3/14/2021,591,0,20640.36,f,5354,269788.34
3/19/2021,5497,403724.69,332161.59,t,7967,496237.54
3/25/2021,4493,307599.67,258037.86,t,8823,556866.99
6/23/2021,489,0,20959.05,f,496,22598.72
11/26/2021,108,0,6630.02,f,7178,439946.39
12/4/2021,189,0,6178.43,f,7832,535801
5/20/2021,73,0,2322.75,f,4666,202009.12
8/24/2021,68,0,1360,f,577,30853
10/3/2021,1,0,24.75,f,11000,678115.73
5/24/2021,151,0,6258.04,f,4810,204077.38
6/14/2021,9483,496453.17,470957.68,t,6543,251469.91
9/9/2021,6341,400786.71,343370.9,t,10266,556718.88
11/15/2021,296,0,17631.03,f,8752,457278.06
1/31/2022,8637,594125.35,491938.88,t,1545,80288.14
3/28/2022,185,13575.49,12082.19,t,0,0
5/3/2022,95,7761.71,6394,t,0,0
7/3/2021,276,0,4201.59,f,2644,120076.15
7/12/2021,25,0,2983.83,f,3273,176432.34
1/6/2021,2395,205449.85,147053.95,t,135,8331.33
3/12/2021,4900,337463.01,286194.43,t,8362,474833.13
3/19/2021,2,0,98.26,f,7967,496237.54
7/31/2021,7006,399623.64,334953.88,t,6172,338170.95
10/28/2021,263,0,9464.19,f,9442,594133.85
2/23/2022,444,0,24698.98,f,360,15508.6
4/24/2022,105,8893.92,7443.33,t,0,0
5/15/2022,66,5026.2,4415.43,t,0,0
6/12/2021,39,0,1379.34,f,6514,322066.7
10/10/2021,65,0,3499.95,f,8335,448479.28
1/7/2021,2575,216279.13,154805.52,t,8324,569405.49
2/20/2021,5527,402700.95,331254.65,t,4971,327763.04
3/7/2021,275,0,17958.74,f,6048,329806.17
5/20/2021,5359,264507.69,241669.09,t,4666,202009.12
12/4/2021,6768,451926.77,395997.9,t,7832,535801
6/12/2021,7183,376332.19,357327.73,t,6514,322066.7
11/15/2021,8908,634428.71,545537.78,t,8752,457278.06
11/26/2021,5202,368088.72,304734.81,t,7178,439946.39
4/12/2022,101,7252.54,6383.75,t,0,0
2/3/2022,51,0,2312.55,f,3855,185780.28
2/18/2021,4879,351923.74,284565.73,t,9974,664263.22
3/25/2021,34,0,1704.25,f,8823,556866.99
4/3/2021,158,0,5635.81,f,6964,390627.62
9/9/2021,39,0,2151.01,f,10266,556718.88
11/18/2021,133,0,8511.03,f,9521,579332.7
12/23/2021,7666,605874.44,461770.73,t,8384,484286.53
1/27/2022,12,0,553.51,f,5635,311057.61
2/3/2022,6865,466075.85,376578.34,t,3855,185780.28
2/19/2022,108,0,2775.45,f,2158,121852.79
5/17/2022,56,4029.87,3459.76,t,0,0
11/8/2021,322,0,13105.23,f,7239,385026.09
1/6/2021,42,0,2291.95,f,135,8331.33
2/18/2021,152,0,6500.21,f,9974,664263.22
2/22/2021,138,0,8001.71,f,10543,680645.32
2/22/2021,7517,562206.83,449287.63,t,10543,680645.32
2/24/2021,4922,366898.18,297562.62,t,4347,248546.37
3/7/2021,5257,352985.41,297645.85,t,6048,329806.17
4/3/2021,5423,358416.51,307857.49,t,6964,390627.62
10/28/2021,5725,404899.48,337030.48,t,9442,594133.85
11/8/2021,8644,588336.44,504109.52,t,7239,385026.09
12/29/2021,155,0,8007.51,f,679,40696.79
2/23/2022,6212,405848.88,329979.27,t,360,15508.6
3/26/2022,198,11287.4,10428.98,t,0,0
4/22/2022,108,7672.69,6800.03,t,0,0
4/21/2022,118,9529.39,8274.36,t,0,0
1/30/2021,2,0,127.04,f,4853,305262.91
6/14/2021,356,0,21607.57,f,6543,251469.91
1/14/2022,18,0,821.96,f,6791,363078.72
6/7/2021,151,0,7060.21,f,5168,289468.64
2/8/2021,7916,586829.47,474423.83,t,6148,337310.04
2/24/2021,330,0,16191.87,f,4347,248546.37
3/14/2021,5689,379801.45,332670.34,t,5354,269788.34
6/7/2021,8236,471341.91,438680.08,t,5168,289468.64
6/23/2021,5622,313591.9,293443.84,t,496,22598.72
7/3/2021,6036,306934.51,269719.98,t,2644,120076.15
7/12/2021,8837,493624.33,421134.33,t,3273,176432.34
11/2/2021,6458,424247.07,386887.7,t,2294,138860.37
12/29/2021,3096,241688.84,183317.93,t,679,40696.79
3/13/2022,1298,84456.01,78778.73,t,25,1783.6
3/19/2022,193,9932.32,10407.44,t,0,0
5/12/2022,52,3984.92,3628.79,t,0,0
3/23/2022,111,7379.92,6582.06,t,0,0
10/31/2021,354,0,18120.22,f,6929,458589.11
2/2/2022,6326,448742.37,362236.78,t,814,46398.5
11/11/2021,27,0,1374.77,f,8292,452319.7
5/2/2021,80,0,2567.62,f,53746,1071074.27
7/23/2021,2,0,285.48,f,6082,321852.11
11/12/2021,141,0,4971.64,f,6730,390198.98
3/3/2022,2,0,388.13,f,369,16328.51
1/1/2021,1459,127298.39,89650.84,t,151,6202.43
3/4/2021,5879,413970.93,334331.75,t,12351,717306.53
3/21/2021,4,0,151.81,f,9835,599638.38
3/21/2021,5943,416762.79,354359.98,t,9835,599638.38
3/27/2021,4793,313383.86,270935.05,t,8360,510646.07
4/18/2021,6076,378770.14,377358.97,t,5566,387265.5
4/18/2021,107,0,3661.95,f,5566,387265.5
5/6/2021,4682,259541.28,252497.34,t,10096,321056.49
6/6/2021,82,0,2562.57,f,4584,231147.01
7/26/2021,215,0,9058.17,f,5187,244132.65
11/24/2021,590,0,29071.23,f,1017,61429.08
11/24/2021,4719,364510.98,291117.96,t,1017,61429.08
12/13/2021,108,0,5735.24,f,9088,571002.62
1/28/2022,6471,438094.02,353604.51,t,4793,278115.21
5/23/2022,20,1262.72,1041.87,t,0,0
3/5/2021,1,0,65.32,f,3270,166686.98
12/11/2021,5,0,802.6,f,9395,665162.56
2/11/2021,5931,450845.55,343982.61,t,8673,510126.53
7/7/2021,5730,313498.45,264531.9,t,563,32671
7/15/2021,7134,425882.88,349072.84,t,7566,418436.11
8/8/2021,337,0,10882.13,f,4885,181271.65
11/4/2021,153,0,7685.29,f,9307,564807.01
11/10/2021,437,0,22837.93,f,686,46372.61
11/10/2021,5299,380794.48,312942.4,t,686,46372.61
12/13/2021,10368,764326.22,664730.12,t,9088,571002.62
3/26/2021,4760,336955.47,272493.64,t,10723,710559.39
4/13/2021,5039,318445.44,295473.2,t,374,23658.46
7/25/2021,7066,408655.86,342103.76,t,5544,296695.67
9/2/2021,10,0,466.49,f,2810,133865.81
12/1/2021,5746,418137.2,352311.51,t,490,24740.93
1/18/2022,5650,393797.68,320837.57,t,1008,41540.33
1/29/2022,6912,474744.25,386921.14,t,4313,222814.12
3/6/2022,7406,478558.3,409527.29,t,404,23083.54
1/28/2022,149,0,6059.25,f,4793,278115.21
5/6/2021,15,0,791.73,f,10096,321056.49
1/1/2021,29,0,1823.31,f,151,6202.43
1/9/2021,2518,202298.67,148546.43,t,4851,294227.97
2/9/2021,5174,402839.53,314614.87,t,1269,80499.97
3/26/2021,117,0,4637.42,f,10723,710559.39
3/29/2021,6480,424860.69,368763.04,t,5238,259275.72
4/19/2021,7045,424809.57,418537.87,t,2778,139303.31
6/6/2021,6468,361964.78,316625.83,t,4584,231147.01
6/10/2021,6470,365305.58,321776.71,t,5007,236110.82
6/20/2021,6675,346876.41,335279.53,t,5471,306785.9
7/11/2021,7097,407727.86,353988.09,t,6183,279951.4
7/11/2021,38,0,1514.58,f,6183,279951.4
8/8/2021,6675,380911.58,322388.04,t,4885,181271.65
2/8/2022,6884,483121.83,380150.78,t,3249,159030.71
3/9/2022,5050,328638.03,276592.64,t,177,9208.47
3/18/2022,185,12924.91,11720.43,t,0,0
4/2/2022,110,8716.46,7577.88,t,0,0
4/17/2022,131,10041.48,8412.84,t,0,0
1/9/2021,39,0,816.2,f,4851,294227.97
7/7/2021,208,0,5047.74,f,563,32671
4/12/2021,66,0,3609.15,f,4056,273969.1
5/26/2021,269,0,13527.31,f,420,16982.67
7/1/2021,275,0,14549.58,f,2598,118437.07
8/20/2021,4968,303986.99,245140.76,t,11749,444407.41
4/3/2022,174,13516.65,11887.17,t,0,0
3/9/2022,78,0,3872.02,f,177,9208.47
5/22/2021,62,0,4418.97,f,4151,249074.33
6/20/2021,117,0,2443.45,f,5471,306785.9
1/24/2021,14,0,798.67,f,9277,463142.65
4/19/2021,118,0,5720.7,f,2778,139303.31
5/22/2021,5181,266034.92,242179,t,4151,249074.33
7/26/2021,8378,462793.05,397966.69,t,5187,244132.65
10/7/2021,5860,387038.06,318130.56,t,12511,804048.7
2/11/2021,218,0,11207.88,f,8673,510126.53
6/10/2021,23,0,1289.93,f,5007,236110.82
2/2/2021,4441,335958.49,262332.2,t,3303,211659.18
3/11/2021,5049,354119.98,293979.9,t,7585,485352.71
3/4/2021,140,0,6872.62,f,12351,717306.53
4/12/2021,7406,460224.26,435795.6,t,4056,273969.1
5/25/2021,5203,269990.53,241229.52,t,49,2147.63
8/5/2021,6339,373192.04,302907.38,t,4978,229812.99
8/5/2021,47,0,1685.33,f,4978,229812.99
9/18/2021,6752,415079.06,350493.73,t,18367,1254284.02
1/11/2022,5344,380433.65,304313.55,t,692,39204.81
2/18/2022,6996,468212.83,386368.2,t,2613,128378.77
3/27/2021,49,0,3251.22,f,8360,510646.07
3/29/2021,152,0,9456.05,f,5238,259275.72
1/24/2021,4176,309717.68,237829.69,t,9277,463142.65
3/5/2021,5306,354612.66,291925.41,t,3270,166686.98
3/11/2021,231,0,11854.61,f,7585,485352.71
5/26/2021,4633,229548.73,203926.59,t,420,16982.67
6/13/2021,8017,419206.51,386715.22,t,4030,172090.17
7/1/2021,6699,351523.64,319645.86,t,2598,118437.07
9/2/2021,5065,306641.44,268306,t,2810,133865.81
10/7/2021,943,0,60282.06,f,12511,804048.7
11/4/2021,6276,429704.19,347272.41,t,9307,564807.01
12/11/2021,7596,541017.16,457621.97,t,9395,665162.56
12/31/2021,3386,246290.41,195379.24,t,2458,150368.59
1/25/2022,6507,450155.95,363527.95,t,979,55344.69
2/8/2022,139,0,4686.41,f,3249,159030.71
4/4/2022,128,10711.02,9285.91,t,0,0
6/8/2021,7102,391248,354013.58,t,1749,108089.79
8/10/2021,5390,314780.88,257560.05,t,364,16906.58
9/24/2021,6369,400425.47,336701.84,t,11035,616248.42
10/20/2021,5299,342367.71,298728,t,978,46412.29
11/28/2021,5611,409970.51,356121.76,t,5902,224729.24
12/12/2021,214,0,10001.92,f,8392,515628.73
1/9/2022,5527,382324.26,303110.25,t,4957,273429.9
1/23/2022,6649,453411.66,371389.04,t,7896,398794.97
2/25/2022,6361,432948.34,351530.15,t,1929,104289.27
8/28/2021,37,0,1918.44,f,7038,352800.78
1/3/2022,69,0,1287.44,f,4738,279995.62
1/12/2022,38,0,2671.92,f,506,24322.44
4/15/2021,1,0,40.19,f,5608,332563.89
2/27/2022,127,0,1961.06,f,2952,175959.88
3/13/2021,18,0,1021.41,f,5662,332221.48
1/17/2022,81,0,4056.01,f,4933,170082.04
6/22/2021,2,0,383.7,f,1950,95165.07
1/12/2021,2775,240822.6,170165.05,t,3935,195877.2
1/23/2021,3818,270606.82,214842.17,t,6149,316194.3
2/6/2021,5472,379362.49,312650.18,t,7130,429688.11
3/9/2021,4984,364705.15,295812.73,t,2539,158416.87
12/8/2021,5752,408934.24,350328.84,t,585,29333.86
10/16/2021,261,0,9514.83,f,8696,485673.17
10/25/2021,170,0,9863.21,f,10082,567187.89
1/5/2022,3884,303353.99,232978.66,t,612,28149.03
1/17/2021,30,0,1003.71,f,7893,458757.57
3/6/2021,5265,372106.84,296744,t,5212,297181.75
5/20/2022,12,0,272,f,0,0
7/28/2021,132,0,5710.95,f,578,28820.98
8/11/2021,4418,254549.96,206452,t,154,6651.14
10/29/2021,5653,379124.87,320101.87,t,8394,589197.5
5/8/2022,71,5271.19,4557.01,t,0,0
4/11/2022,125,10531.62,9551.75,t,0,0
5/19/2022,48,2977.2,2697.77,t,0,0
3/6/2021,17,0,446.01,f,5212,297181.75
5/14/2021,5364,287721.05,251070.58,t,7298,407237.72
5/18/2021,5162,260692.53,236194.45,t,278,11632.7
12/9/2021,6819,498254.81,418180.37,t,7714,527881.23
7/14/2021,6757,390107.87,319440.29,t,1196,55374.58
9/5/2021,6760,412224.47,346450.63,t,10852,552119.22
9/14/2021,6965,448770.85,379117.57,t,436,16695.66
9/15/2021,5794,378063.3,315043.64,t,964,34728.4
5/19/2022,332,0,12990.19,f,0,0
2/5/2022,7523,513994.48,412621.91,t,3195,148753.77
2/29/2022,6990,471943.46,384149.12,t,806,41006
3/24/2022,114,7449.67,6697.37,t,0,0
5/14/2021,131,0,4807.48,f,7298,407237.72
1/17/2021,3153,251841.53,188635.88,t,7893,458757.57
2/3/2021,65,0,3583.39,f,2924,211813.07
2/12/2021,6176,476530.18,362357.88,t,8441,507526.69
4/22/2021,5052,295377.24,298816.18,t,8499,551126.27
5/1/2021,5267,307362.12,304850.32,t,55254,1148138.92
5/10/2021,6912,392573.14,343052.72,t,4334,269489.03
6/1/2021,6093,311038.13,291182.92,t,748,36043.14
7/28/2021,5738,337079.25,277495.95,t,578,28820.98
10/26/2021,6008,386219.83,336715.24,t,887,110771.92
12/9/2021,37,0,2216.21,f,7714,527881.23
4/15/2022,136,10121.73,8572.18,t,0,0
5/13/2022,81,5906.68,5416.94,t,0,0
1/10/2021,42,0,1879.88,f,5767,335548.41
5/10/2021,192,0,8311.23,f,4334,269489.03
1/10/2021,2913,235742.63,174975.76,t,5767,335548.41
4/29/2021,14,0,730.26,f,742,23628.31
12/2/2021,8580,600677.95,520695.92,t,7545,323830.36
11/23/2021,5472,399961.08,330934.74,t,1053,68466.18
1/7/2022,21,0,893.64,f,5638,316253.35
1/20/2022,5713,398573.25,322046.81,t,7576,332460.18
2/28/2022,384,0,10884.14,f,2237,140242.81
3/17/2022,171,11824.82,9963.61,t,0,0
4/20/2022,108,8709.36,7442.2,t,0,0
7/14/2021,16,0,872.01,f,1196,55374.58
4/10/2021,6287,420400.7,394072.86,t,8159,502647.05
5/15/2021,175,0,8232.14,f,4444,267735.05
7/5/2021,6104,313682.31,288329.02,t,4680,235056.52
9/19/2021,88,0,4924.67,f,11378,604842.99
1/7/2022,4997,354984.69,278613.2,t,5638,316253.35
2/11/2022,7408,523229.63,412258.06,t,6054,229929.13
4/22/2021,9,0,760.33,f,8499,551126.27
3/10/2022,32,0,2008,f,129,7045.74
1/11/2021,51,0,2993.67,f,5827,303132.43
5/1/2021,102,0,6017.48,f,55254,1148138.92
10/2/2021,1,0,54,f,8779,543974.06
1/11/2021,3855,303891.37,230774.93,t,5827,303132.43
2/3/2021,3913,299300.23,232690.79,t,2924,211813.07
4/29/2021,4557,288964.96,282239.12,t,742,23628.31
6/5/2021,6170,342564,306827.02,t,5887,299303.32
2/10/2022,8001,566387.25,439074.72,t,2453,126110.2
5/20/2022,66,4929.36,4227.21,t,0,0
4/30/2022,99,7342.22,6516.14,t,0,0
3/20/2021,75,0,2105.73,f,9028,551330.75
2/5/2022,32,0,1598.38,f,3195,148753.77
5/15/2021,6470,326653.51,295074.57,t,4444,267735.05
9/15/2021,625,0,24675.07,f,964,34728.4
9/19/2021,7514,481120.9,408095.8,t,11378,604842.99
11/29/2021,60,0,2679.53,f,7326,337959.16
12/2/2021,288,0,16218.59,f,7545,323830.36
1/20/2022,95,0,5520.09,f,7576,332460.18
4/8/2022,74,6405.49,5007.52,t,0,0
10/29/2021,52,0,2573.36,f,8394,589197.5
2/12/2021,80,0,2410.32,f,8441,507526.69
3/10/2021,4789,355990.91,290532.91,t,2807,164878.29
3/20/2021,5100,358887.88,290737.09,t,9028,551330.75
4/10/2021,151,0,6823.86,f,8159,502647.05
6/5/2021,236,0,11499.9,f,5887,299303.32
10/2/2021,6401,435725.85,371885.69,t,8779,543974.06
11/29/2021,7501,527692.94,459513.11,t,7326,337959.16
2/28/2022,9050,628522.2,498544.2,t,2237,140242.81
3/10/2022,4786,300466.71,259242.36,t,129,7045.74
11/23/2021,319,0,17705.15,f,1053,68466.18
2/10/2022,50,0,1203.6,f,2453,126110.2
3/24/2021,4075,291819.19,236498.2,t,2655,181565.04
4/2/2021,5376,359916.69,298870.39,t,3738,214833.55
4/17/2021,6193,378258.68,363710.99,t,4127,233338.66
6/9/2021,306,0,17148.68,f,1107,68732.84
10/11/2021,828,0,40008.58,f,9057,487457.61
11/14/2021,650,0,35512.62,f,7422,430256.94
1/1/2022,18,0,1295.77,f,2022,82844.6
1/6/2022,7,0,186.98,f,7344,505306.45
2/4/2022,7115,496339.53,390321.29,t,3539,202675.9
4/19/2022,91,6897.44,6013.68,t,0,0
3/31/2022,191,7052.71,14171.55,t,0,0
4/28/2021,312,0,13780.58,f,32,1058
8/31/2021,286,0,7837.32,f,778,35629.84
4/2/2021,30,0,697.24,f,3738,214833.55
1/5/2021,4,0,1028,f,78,4177.74
3/8/2021,150,0,8648.29,f,5252,335408.16
1/26/2021,4257,334488.83,258104.87,t,4072,229019.97
2/15/2021,7684,556887.76,449618.27,t,8933,521780.47
2/26/2021,5499,417537.94,332436.61,t,9279,535705.47
4/30/2021,4326,259863.51,258178.23,t,50201,1006112.71
5/12/2021,4520,250546.11,215445.49,t,302,16022.92
8/12/2021,252,0,12623.06,f,7622,407465.4
8/21/2021,5343,311432.78,271469.16,t,5590,263041.54
12/10/2021,157,0,8752.7,f,7791,489154.51
5/16/2022,66,4477.75,4268.51,t,0,0
9/4/2021,36,0,1750.6,f,8990,475381.47
12/17/2021,53,0,1050.7,f,15162,941918.47
1/18/2021,6,0,333.7,f,9571,530065.42
1/15/2021,71,0,4239.5,f,8002,446343.7
5/21/2021,200,0,7021.33,f,6498,353383.44
12/6/2021,9259,629906.3,567937.03,t,7877,461096.21
7/22/2021,6375,364963.88,308187.31,t,7362,394977.94
9/4/2021,6054,362275.95,310428.73,t,8990,475381.47
9/16/2021,5915,395648.01,329270.76,t,11017,539830.68
10/13/2021,4808,349517.18,290384.12,t,549,28289.83
10/21/2021,5961,399075.41,335216.36,t,10525,635156.12
10/30/2021,6227,416535.11,349299.8,t,9529,635068.43
11/9/2021,6672,450528.55,384816.81,t,1609,106977.11
1/21/2022,5,0,253.35,f,6940,327118.87
2/21/2022,8685,565063.22,476455.84,t,2380,129733.09
10/18/2021,848,0,8399.49,f,11142,626598.71
10/21/2021,129,0,4723.04,f,10525,635156.12
4/17/2021,25,0,1483.34,f,4127,233338.66
10/24/2021,1,0,401.62,f,9569,568872.82
2/4/2022,34,0,1439.79,f,3539,202675.9
9/16/2021,27,0,1343.59,f,11017,539830.68
1/22/2021,3212,246759.63,190047.66,t,20931,1252898.54
4/7/2021,4849,340769.32,286770.29,t,2153,148169.24
4/11/2021,5929,396198.85,365086.08,t,6914,377029.67
4/28/2021,4147,252314.9,253261.06,t,32,1058
11/14/2021,7530,533132.37,455830.07,t,7422,430256.94
7/10/2021,12,0,555.36,f,3732,232496.28
8/21/2021,195,0,5818.72,f,5590,263041.54
9/13/2021,8385,564323.63,471878.51,t,16973,816462.02
11/27/2021,5385,382241.13,324976.93,t,7566,411830.8
12/6/2021,754,0,32531.85,f,7877,461096.21
1/6/2022,4168,314350.46,238571.82,t,7344,505306.45
4/29/2022,92,7028.91,6284.82,t,0,0
5/24/2022,48,3494.16,3068.17,t,0,0
2/26/2021,27,0,1826.36,f,9279,535705.47
4/30/2021,195,0,9785.14,f,50201,1006112.71
5/12/2021,453,0,13086.52,f,302,16022.92
1/16/2021,2942,234225.45,170564.29,t,10989,679222.05
1/31/2021,89,0,5569.65,f,3572,210479.4
2/5/2021,14,0,1115.48,f,6332,313998.55
5/11/2021,5146,281094.7,250131.3,t,110,8386.04
5/21/2021,5552,290103.1,263155.91,t,6498,353383.44
8/12/2021,4588,289282.91,230638.87,t,7622,407465.4
8/13/2021,4043,237939.17,194957.86,t,9979,544079.03
8/13/2021,62,0,2582.01,f,9979,544079.03
9/6/2021,8398,514595.74,448474.92,t,12242,498804.07
10/24/2021,7245,469206.77,423915.23,t,9569,568872.82
12/17/2021,6642,511354.81,407793.15,t,15162,941918.47
1/1/2022,3279,241557.52,182958.91,t,2022,82844.6
1/21/2022,6110,414098.71,340330.44,t,6940,327118.87
1/26/2022,81,0,3205.74,f,1214,59761.64
3/11/2022,91,0,5567.72,f,96,3809.8
1/3/2021,2436,205038.64,153857.26,t,2510,133437.57
1/5/2021,2401,201784.99,145857.25,t,78,4177.74
1/18/2021,4055,317352.72,236828.11,t,9571,530065.42
1/31/2021,5407,382132.33,311626.55,t,3572,210479.4
3/28/2021,5425,350434.32,306339.64,t,5253,252809.57
3/28/2021,46,0,1223.06,f,5253,252809.57
6/9/2021,5916,328817.18,287744.57,t,1107,68732.84
7/10/2021,6467,363432.65,299519.26,t,3732,232496.28
7/13/2021,6882,394998.99,320058.81,t,184,9107.36
9/17/2021,6436,420026.43,348572.29,t,12271,623015.64
10/11/2021,8432,549069.34,480635.49,t,9057,487457.61
1/4/2022,4255,315690.73,242448.83,t,983,53865.96
2/22/2022,6929,459056.54,383770.93,t,405,18019.79
3/11/2022,3455,221593.26,195396.57,t,96,3809.8
4/28/2022,79,5682.59,4866.88,t,0,0
5/22/2022,35,2574.7,2106.94,t,0,0
3/16/2021,5593,366547.02,330525.47,t,2190,133852.11
3/24/2021,405,0,24881.01,f,2655,181565.04
9/25/2021,6987,442229.27,387047.48,t,12273,732750.58
9/28/2021,6834,415185.63,381801.46,t,1242,67319.63
11/30/2021,5746,404630.61,350930.02,t,519,24821.09
1/26/2022,5643,406360.15,325626.04,t,1214,59761.64
2/17/2022,10,0,603.33,f,4559,228658.82
3/14/2022,902,60359.89,54731.02,t,0,0
3/16/2021,113,0,5653.87,f,2190,133852.11
1/15/2022,21,0,1333.42,f,5982,362204.65
1/16/2021,4,0,192,f,10989,679222.05
1/15/2021,1712,132055.65,99682.36,t,8002,446343.7
2/5/2021,5015,352208.08,287972.21,t,6332,313998.55
3/8/2021,6218,431403.01,363818.04,t,5252,335408.16
2/15/2021,108,0,6429.4,f,8933,521780.47
4/11/2021,51,0,2983.64,f,6914,377029.67
3/30/2021,5171,331134.26,290625.02,t,1330,72704.92
7/22/2021,225,0,5791.83,f,7362,394977.94
1/14/2021,2369,209733.4,152105.41,t,13867,876776.83
3/17/2021,4613,303217.02,264873.83,t,1386,80286.28
8/1/2021,116,0,4309.26,f,6573,335577.49
8/14/2021,31,0,1107.33,f,8387,450805.37
2/15/2022,7239,514792.56,396396.28,t,1676,89464.65
4/23/2022,76,5138.85,4573.11,t,0,0
1/14/2021,114,0,6790.23,f,13867,876776.83
1/10/2022,4,0,168.73,f,5079,292739.48
6/17/2021,2,0,147.4,f,8613,376455.9
7/16/2021,33,0,2519.56,f,4862,272765.37
3/17/2021,355,0,17209.7,f,1386,80286.28
7/2/2021,5903,309424.43,272368.59,t,2229,106069.39
10/1/2021,201,0,10727.16,f,11753,957695.92
10/12/2021,6127,437026.79,376230.84,t,1385,73043.68
11/16/2021,6725,481199.13,404933.97,t,853,43951.36
9/3/2021,42,0,2638.66,f,9083,493254.7
2/21/2021,5654,432472.99,338248.02,t,7682,465150.37
4/27/2021,4207,258367.56,249817.31,t,23,2733.31
5/19/2021,413,0,22606.59,f,46,2007.9
6/11/2021,6391,351294.24,327165.09,t,3353,167280.66
7/27/2021,4,0,0,f,802,40243.76
9/3/2021,5458,327337.11,277975.53,t,9083,493254.7
10/4/2021,7999,545224.65,465383.78,t,10023,605014.59
2/16/2022,6317,434366.57,347593.27,t,1104,64239.49
3/29/2022,130,9708.76,8325.51,t,0,0
4/25/2022,104,7306.78,6830.05,t,0,0
4/10/2022,152,11455.01,10418.84,t,0,0
4/27/2022,97,6463.71,5699.81,t,0,0
10/6/2021,179,0,11666.68,f,482,25619.88
1/29/2021,36,0,2094.5,f,8531,534686.39
2/14/2021,7312,525567.47,423728.11,t,8685,496009.77
2/28/2021,6616,480152.07,389450.11,t,3161,166929.03
4/24/2021,4755,278146.16,276273.23,t,1243,72535.05
6/17/2021,5553,303876.39,286941.71,t,8613,376455.9
8/16/2021,7125,387660.5,331815.95,t,8068,433960.62
9/10/2021,6135,381495.94,326132.81,t,9796,487450.1
4/13/2022,93,7643.75,6405.81,t,0,0
5/7/2022,70,5248.72,4609.52,t,0,0
11/16/2021,2,0,0,f,853,43951.36
1/29/2021,3584,273650.37,217156.25,t,8531,534686.39
3/3/2021,5320,392002.92,309295.97,t,6853,459243.45
5/7/2021,31,0,1873.74,f,11306,349979.94
7/24/2021,436,0,13638.09,f,6447,346020.64
7/24/2021,6491,371208.2,313867.15,t,6447,346020.64
8/4/2021,5222,317586.86,260137.45,t,577,28998.77
9/22/2021,2172,0,104326.53,f,833,45035.54
12/30/2021,3463,252879.28,193042.26,t,6435,312179.56
1/10/2022,6939,483391.95,386157.13,t,5079,292739.48
5/14/2022,112,6714,5638.77,t,0,0
9/10/2021,100,0,4129.85,f,9796,487450.1
7/17/2021,12,0,441.76,f,6128,341515.51
4/24/2021,26,0,1110.74,f,1243,72535.05
12/5/2021,7251,492203.71,443583.64,t,5873,345318.29
7/27/2021,6204,350602.36,300890.91,t,802,40243.76
8/23/2021,34,0,2221.09,f,6804,347156.51
10/6/2021,5411,365315.72,301807.02,t,482,25619.88
11/3/2021,5801,396937.02,335755.7,t,852,53294.26
12/25/2021,5067,390669.76,292360.64,t,2153,103931.64
1/24/2022,8294,563183.69,469189.27,t,5892,304619.58
1/24/2022,43,0,2835.4,f,5892,304619.58
6/11/2021,278,0,11619.72,f,3353,167280.66
7/2/2021,64,0,2364.7,f,2229,106069.39
1/25/2021,4861,347613.3,275095,t,10582,629508.81
5/7/2021,4976,265269.65,253906.91,t,11306,349979.94
11/5/2021,6476,440727.95,371968.46,t,8086,521889.3
7/16/2021,6524,385317.61,318435.64,t,4862,272765.37
7/19/2021,7108,394659.69,338697.21,t,7541,437902.86
7/30/2021,5836,338945.5,276321.36,t,6194,341062.58
8/16/2021,41,0,1167.83,f,8068,433960.62
8/23/2021,6630,381350.68,326181.47,t,6804,347156.51
9/22/2021,6539,379309.7,344904.99,t,833,45035.54
12/7/2021,6229,407848.01,380550.08,t,884,50459.33
5/11/2022,58,3713.43,3492.96,t,0,0
2/14/2021,94,0,4396.84,f,8685,496009.77
5/30/2021,196,0,7203.47,f,4472,228681
12/30/2021,34,0,1293.77,f,6435,312179.56
2/16/2021,5736,439382.46,354647.23,t,3567,238285.4
5/19/2021,4464,237629.26,209093.81,t,46,2007.9
7/17/2021,6441,358415.13,298863.51,t,6128,341515.51
8/1/2021,7458,422249.45,351866.08,t,6573,335577.49
5/30/2021,5726,285221.49,269724.11,t,4472,228681
7/19/2021,65,0,1315.76,f,7541,437902.86
8/14/2021,4737,264444.99,223484.27,t,8387,450805.37
8/25/2021,4843,273638.31,239711.25,t,719,38732.09
10/1/2021,6036,412531.3,344032,t,11753,957695.92
2/16/2022,292,0,14021.81,f,1104,64239.49
4/18/2022,141,10660.5,9575.15,t,0,0
7/30/2021,194,0,4676.06,f,6194,341062.58
11/5/2021,195,0,8726.09,f,8086,521889.3
1/25/2021,11,0,706.65,f,10582,629508.81
9/6/2021,8,0,354.61,f,12242,498804.07
8/31/2021,5232,310860.56,262232.01,t,778,35629.84
9/11/2021,7182,446966.03,382999.3,t,6936,432797.14
9/25/2021,48,0,1555.83,f,12273,732750.58
10/9/2021,43,0,2223.84,f,9694,555838.81
10/9/2021,5809,367677.21,320261.07,t,9694,555838.81
10/18/2021,8044,533438.15,455141.21,t,11142,626598.71
12/10/2021,7848,556737.5,471527.43,t,7791,489154.51
1/15/2022,6137,425118.97,332941.7,t,5982,362204.65
2/17/2022,6495,448626.93,361577.18,t,4559,228658.82
3/7/2022,5555,357767.65,308746.68,t,16,1224.52
5/2/2022,101,6197.64,5589.8,t,0,0
4/1/2022,111,8440.4,7354.1,t,0,0
9/13/2021,5,0,242.32,f,16973,816462.02
11/27/2021,323,0,23605.95,f,7566,411830.8
1/22/2021,17,0,1178.88,f,20931,1252898.54
9/28/2021,2,75.12,75.12,f,1242,67319.63
3/30/2021,3,0,533.71,f,1330,72704.92
